Date,Open,High,Low,Close
11/26/2024,4.37%,4.40%,4.34%,4.36%
11/25/2024,4.41%,4.41%,4.36%,4.37%
11/22/2024,4.39%,4.41%,4.36%,4.41%
11/21/2024,4.37%,4.39%,4.34%,4.39%
11/20/2024,4.35%,4.37%,4.29%,4.37%
11/19/2024,4.33%,4.35%,4.28%,4.35%
11/18/2024,4.34%,4.35%,4.32%,4.33%
11/15/2024,4.36%,4.38%,4.31%,4.34%
11/14/2024,4.30%,4.38%,4.28%,4.36%
11/13/2024,4.37%,4.39%,4.29%,4.30%
11/12/2024,4.31%,4.39%,4.31%,4.38%
11/8/2024,4.27%,4.32%,4.25%,4.31%
11/7/2024,4.30%,4.33%,4.24%,4.27%
11/6/2024,4.25%,4.32%,4.25%,4.30%
11/5/2024,4.25%,4.29%,4.24%,4.25%
11/4/2024,4.28%,4.28%,4.23%,4.25%
11/1/2024,4.29%,4.32%,4.20%,4.28%
10/31/2024,4.29%,4.31%,4.26%,4.29%
10/30/2024,4.27%,4.30%,4.25%,4.29%
10/29/2024,4.29%,4.32%,4.26%,4.27%
10/28/2024,4.29%,4.32%,4.28%,4.29%
10/25/2024,4.27%,4.30%,4.25%,4.30%
10/24/2024,4.27%,4.29%,4.22%,4.27%
10/23/2024,4.25%,4.28%,4.25%,4.28%
10/22/2024,4.25%,4.29%,4.24%,4.25%
10/21/2024,4.20%,4.26%,4.19%,4.25%
10/18/2024,4.21%,4.23%,4.19%,4.20%
10/17/2024,4.17%,4.22%,4.17%,4.21%
10/16/2024,4.18%,4.20%,4.16%,4.17%
10/15/2024,4.19%,4.22%,4.17%,4.18%
10/11/2024,4.21%,4.23%,4.18%,4.19%
10/10/2024,4.26%,4.31%,4.20%,4.21%
10/9/2024,4.20%,4.26%,4.19%,4.26%
10/8/2024,4.23%,4.24%,4.19%,4.20%
10/7/2024,4.19%,4.27%,4.19%,4.23%
10/4/2024,4.02%,4.20%,4.00%,4.19%
10/3/2024,3.96%,4.02%,3.96%,4.02%
10/2/2024,3.98%,3.98%,3.94%,3.97%
10/1/2024,4.01%,4.03%,3.95%,3.98%
9/30/2024,3.93%,4.02%,3.92%,4.01%
9/27/2024,3.98%,4.01%,3.93%,3.93%
9/26/2024,3.89%,3.99%,3.89%,3.98%
9/25/2024,3.90%,3.92%,3.89%,3.89%
9/24/2024,3.94%,3.96%,3.90%,3.90%
9/23/2024,3.95%,3.96%,3.91%,3.94%
9/20/2024,3.95%,3.99%,3.92%,3.95%
9/19/2024,3.99%,4.01%,3.93%,3.95%
9/18/2024,4.01%,4.36%,3.92%,3.99%
9/17/2024,3.97%,4.01%,3.93%,4.01%
9/16/2024,4.02%,4.09%,3.96%,3.97%
9/13/2024,4.09%,4.13%,4.01%,4.02%
9/12/2024,4.12%,4.15%,4.09%,4.09%
9/11/2024,4.07%,4.15%,4.03%,4.12%
9/10/2024,4.13%,4.14%,4.06%,4.07%
9/9/2024,4.10%,4.15%,4.09%,4.13%
9/6/2024,4.20%,4.22%,4.07%,4.10%
9/5/2024,4.22%,4.23%,4.18%,4.20%
9/4/2024,4.37%,4.38%,4.22%,4.22%
9/3/2024,4.41%,4.43%,4.37%,4.37%
8/30/2024,4.41%,4.45%,4.40%,4.40%
8/29/2024,4.39%,4.42%,4.36%,4.41%
8/28/2024,4.38%,4.40%,4.37%,4.39%
8/27/2024,4.42%,4.43%,4.37%,4.38%
8/26/2024,4.38%,4.42%,4.35%,4.42%
8/23/2024,4.45%,4.48%,4.38%,4.38%
8/22/2024,4.40%,4.46%,4.38%,4.45%
8/21/2024,4.44%,4.45%,4.38%,4.40%
8/20/2024,4.50%,4.53%,4.43%,4.44%
8/19/2024,4.49%,4.51%,4.47%,4.50%
8/16/2024,4.54%,4.56%,4.46%,4.49%
8/15/2024,4.43%,4.54%,4.41%,4.54%
8/14/2024,4.40%,4.44%,4.38%,4.43%
8/13/2024,4.48%,4.50%,4.40%,4.40%
8/12/2024,4.49%,4.52%,4.47%,4.48%
8/9/2024,4.48%,4.51%,4.46%,4.49%
8/8/2024,4.43%,4.50%,4.39%,4.48%
8/7/2024,4.49%,4.51%,4.43%,4.43%
8/6/2024,4.40%,4.51%,4.38%,4.49%
8/5/2024,4.37%,4.43%,4.18%,4.40%
8/2/2024,4.67%,4.67%,4.35%,4.37%
8/1/2024,4.75%,4.78%,4.66%,4.67%
7/31/2024,4.80%,4.81%,4.74%,4.75%
7/30/2024,4.82%,4.84%,4.79%,4.80%
7/29/2024,4.81%,4.83%,4.79%,4.82%
7/26/2024,4.84%,4.85%,4.80%,4.81%
7/25/2024,4.85%,4.85%,4.79%,4.84%
7/24/2024,4.87%,4.89%,4.82%,4.85%
7/23/2024,4.89%,4.91%,4.87%,4.87%
7/22/2024,4.88%,4.90%,4.85%,4.89%
7/19/2024,4.88%,4.88%,4.86%,4.88%
7/18/2024,4.85%,4.87%,4.84%,4.87%
7/17/2024,4.84%,4.87%,4.83%,4.85%
7/16/2024,4.85%,4.86%,4.81%,4.84%
7/15/2024,4.87%,4.87%,4.83%,4.85%
7/12/2024,4.90%,4.92%,4.86%,4.87%
7/11/2024,5.01%,5.02%,4.89%,4.90%
7/10/2024,5.03%,5.04%,5.00%,5.01%
7/9/2024,5.01%,5.04%,5.00%,5.03%
7/8/2024,5.00%,5.02%,5.00%,5.01%
7/5/2024,5.06%,5.08%,5.00%,5.00%
7/3/2024,5.09%,5.11%,5.04%,5.06%
7/2/2024,5.11%,5.12%,5.08%,5.09%
7/1/2024,5.12%,5.13%,5.10%,5.11%
6/28/2024,5.10%,5.13%,5.08%,5.12%
6/27/2024,5.13%,5.15%,5.10%,5.10%
6/26/2024,5.11%,5.13%,5.10%,5.13%
6/25/2024,5.10%,5.12%,5.09%,5.11%
6/24/2024,5.10%,5.12%,5.09%,5.10%
6/21/2024,5.11%,5.12%,5.09%,5.10%
6/20/2024,5.09%,5.12%,5.07%,5.11%
6/18/2024,5.11%,5.14%,5.07%,5.09%
6/17/2024,5.07%,5.11%,5.06%,5.11%
6/14/2024,5.07%,5.09%,5.04%,5.07%
6/13/2024,5.13%,5.13%,5.06%,5.07%
6/12/2024,5.17%,5.19%,5.06%,5.13%
6/11/2024,5.17%,5.19%,5.15%,5.17%
6/10/2024,5.18%,5.20%,5.15%,5.17%
6/7/2024,5.09%,5.19%,5.06%,5.18%
6/6/2024,5.10%,5.12%,5.09%,5.09%
6/5/2024,5.13%,5.13%,5.09%,5.10%
6/4/2024,5.15%,5.16%,5.11%,5.13%
6/3/2024,5.17%,5.20%,5.14%,5.15%
5/31/2024,5.19%,5.22%,5.16%,5.17%
5/30/2024,5.22%,5.23%,5.18%,5.19%
5/29/2024,5.22%,5.23%,5.21%,5.22%
5/28/2024,5.20%,5.22%,5.18%,5.22%
5/26/2024,5.20%,5.20%,5.20%,5.20%
5/24/2024,5.20%,5.21%,5.19%,5.20%
5/23/2024,5.16%,5.20%,5.14%,5.20%
5/22/2024,5.13%,5.17%,5.13%,5.16%
5/21/2024,5.15%,5.17%,5.13%,5.13%
5/20/2024,5.13%,5.16%,5.12%,5.15%
5/17/2024,5.12%,5.14%,5.11%,5.13%
5/16/2024,5.09%,5.13%,5.08%,5.12%
5/15/2024,5.17%,5.18%,5.08%,5.09%
5/14/2024,5.18%,5.19%,5.16%,5.17%
5/13/2024,5.17%,5.19%,5.15%,5.18%
5/10/2024,5.13%,5.18%,5.13%,5.17%
5/9/2024,5.14%,5.16%,5.12%,5.13%
5/8/2024,5.14%,5.16%,5.13%,5.14%
5/7/2024,5.13%,5.15%,5.11%,5.14%
5/6/2024,5.12%,5.14%,5.11%,5.13%
5/3/2024,5.17%,5.17%,5.08%,5.12%
5/2/2024,5.20%,5.22%,5.16%,5.17%
5/1/2024,5.24%,5.25%,5.19%,5.20%
4/30/2024,5.20%,5.24%,5.16%,5.24%
4/29/2024,5.20%,5.22%,5.18%,5.20%
4/26/2024,5.21%,5.25%,5.19%,5.20%
4/25/2024,5.16%,5.22%,5.14%,5.21%
4/24/2024,5.15%,5.18%,5.14%,5.16%
4/23/2024,5.17%,5.19%,5.13%,5.15%
4/22/2024,5.17%,5.21%,4.91%,5.17%
4/19/2024,5.18%,5.19%,5.14%,5.17%
4/18/2024,5.16%,5.24%,5.15%,5.18%
4/17/2024,5.18%,5.20%,5.16%,5.16%
4/16/2024,5.16%,5.20%,5.16%,5.18%
4/15/2024,5.13%,5.23%,5.13%,5.16%
4/12/2024,5.16%,5.17%,5.12%,5.13%
4/11/2024,5.21%,5.21%,5.16%,5.16%
4/10/2024,5.04%,5.21%,5.03%,5.21%
4/9/2024,5.08%,5.09%,5.03%,5.04%
4/8/2024,5.06%,5.13%,5.05%,5.08%
4/5/2024,5.01%,5.06%,5.00%,5.06%
4/4/2024,5.03%,5.05%,4.99%,5.01%
4/3/2024,5.04%,5.07%,5.03%,5.03%
4/2/2024,5.07%,5.08%,5.04%,5.04%
4/1/2024,5.03%,5.08%,4.96%,5.07%
3/28/2024,4.99%,5.04%,4.99%,5.03%
3/27/2024,5.00%,5.00%,4.98%,4.99%
3/26/2024,4.99%,5.00%,4.98%,5.00%
3/25/2024,4.97%,5.00%,4.96%,4.99%
3/22/2024,5.00%,5.01%,4.97%,4.97%
3/21/2024,4.99%,5.01%,4.96%,5.00%
3/20/2024,5.10%,5.10%,4.99%,4.99%
3/19/2024,5.08%,5.10%,5.06%,5.10%
3/18/2024,5.06%,5.09%,5.05%,5.08%
3/15/2024,5.06%,5.08%,5.04%,5.06%
3/14/2024,5.03%,5.07%,5.02%,5.06%
3/13/2024,5.00%,5.03%,5.00%,5.03%
3/12/2024,4.96%,5.01%,4.95%,5.00%
3/11/2024,4.93%,4.98%,4.92%,4.96%
3/8/2024,4.95%,4.95%,4.89%,4.93%
3/7/2024,4.96%,4.97%,4.93%,4.95%
3/6/2024,4.96%,4.96%,4.94%,4.96%
3/5/2024,4.99%,5.00%,4.95%,4.96%
3/4/2024,4.94%,4.99%,4.91%,4.99%
3/1/2024,5.01%,5.02%,4.94%,4.94%
2/29/2024,5.01%,5.04%,5.00%,5.01%
2/28/2024,5.02%,5.03%,5.00%,5.01%
2/27/2024,5.04%,5.04%,4.99%,5.02%
2/26/2024,5.00%,5.05%,4.97%,5.04%
2/23/2024,5.01%,5.02%,4.98%,5.00%
2/22/2024,4.99%,5.02%,4.97%,5.01%
2/21/2024,4.95%,5.00%,4.94%,4.99%
2/20/2024,4.98%,5.03%,4.91%,4.95%
2/16/2024,4.94%,5.02%,4.94%,4.98%
2/15/2024,4.97%,4.99%,4.92%,4.94%
2/14/2024,5.02%,5.02%,4.94%,4.97%
2/13/2024,4.88%,5.03%,4.85%,5.02%
2/12/2024,4.87%,4.89%,4.83%,4.88%
2/9/2024,4.85%,4.88%,4.84%,4.87%
2/8/2024,4.82%,4.86%,4.82%,4.85%
2/7/2024,4.82%,4.83%,4.80%,4.82%
2/6/2024,4.87%,4.87%,4.80%,4.82%
2/5/2024,4.81%,4.88%,4.81%,4.87%
2/2/2024,4.69%,4.86%,4.69%,4.81%
2/1/2024,4.72%,4.75%,4.66%,4.69%
1/31/2024,4.78%,4.83%,4.65%,4.72%
1/30/2024,4.76%,4.81%,4.75%,4.78%
1/29/2024,4.77%,4.81%,4.74%,4.76%
1/26/2024,4.77%,4.79%,4.74%,4.77%
1/25/2024,4.82%,4.84%,4.75%,4.77%
1/24/2024,4.83%,4.83%,4.77%,4.82%
1/23/2024,4.86%,4.90%,4.82%,4.83%
1/22/2024,4.86%,4.87%,4.84%,4.86%
1/19/2024,4.83%,4.87%,4.81%,4.86%
1/18/2024,4.82%,4.85%,4.80%,4.83%
1/17/2024,4.71%,4.84%,4.71%,4.82%
1/16/2024,4.67%,4.74%,4.67%,4.71%
1/12/2024,4.75%,4.78%,4.65%,4.66%
1/11/2024,4.82%,4.83%,4.75%,4.75%
1/10/2024,4.83%,4.84%,4.80%,4.82%
1/9/2024,4.82%,4.85%,4.82%,4.83%
1/8/2024,4.84%,4.92%,4.80%,4.82%
1/5/2024,4.83%,4.91%,4.77%,4.84%
1/4/2024,4.80%,4.86%,4.80%,4.83%
1/3/2024,4.79%,4.83%,4.79%,4.80%
1/2/2024,4.78%,4.83%,4.77%,4.79%
12/29/2023,4.80%,4.83%,4.77%,4.78%
12/28/2023,4.76%,4.81%,4.76%,4.80%
12/27/2023,4.82%,4.82%,4.76%,4.76%
12/26/2023,4.86%,4.88%,4.82%,4.82%
12/22/2023,4.86%,4.90%,4.82%,4.86%
12/21/2023,4.90%,4.91%,4.83%,4.86%
12/20/2023,4.95%,4.97%,4.89%,4.90%
12/19/2023,4.95%,4.98%,4.94%,4.95%
12/18/2023,4.95%,4.98%,4.94%,4.95%
12/15/2023,4.91%,4.97%,4.87%,4.95%
12/14/2023,4.91%,4.94%,4.84%,4.91%
12/13/2023,5.14%,5.15%,4.91%,4.91%
12/12/2023,5.12%,5.15%,5.09%,5.14%
12/11/2023,5.12%,5.15%,5.11%,5.12%
12/8/2023,5.05%,5.14%,5.04%,5.12%
12/7/2023,5.06%,5.09%,5.04%,5.05%
12/6/2023,5.07%,5.12%,5.05%,5.06%
12/5/2023,5.09%,5.10%,5.04%,5.07%
12/4/2023,5.04%,5.12%,5.03%,5.09%
12/1/2023,5.13%,5.18%,5.01%,5.04%
11/30/2023,5.14%,5.18%,5.11%,5.13%
11/29/2023,5.18%,5.21%,5.13%,5.14%
11/28/2023,5.24%,5.28%,5.18%,5.18%
11/27/2023,5.26%,5.28%,5.24%,5.24%
11/24/2023,5.25%,5.31%,5.25%,5.26%
11/22/2023,5.23%,5.26%,5.22%,5.25%
11/21/2023,5.24%,5.28%,5.21%,5.23%
11/20/2023,5.24%,5.27%,5.23%,5.24%
11/17/2023,5.23%,5.26%,5.21%,5.24%
11/16/2023,5.26%,5.28%,5.20%,5.23%
11/15/2023,5.22%,5.28%,5.22%,5.26%
11/14/2023,5.36%,5.41%,5.21%,5.22%
11/13/2023,5.38%,5.40%,5.35%,5.36%
11/9/2023,5.34%,5.39%,5.33%,5.37%
11/8/2023,5.31%,5.42%,5.31%,5.34%
11/7/2023,5.31%,5.42%,5.29%,5.31%
11/6/2023,5.40%,5.42%,5.28%,5.31%
11/3/2023,5.42%,5.43%,5.37%,5.40%
11/2/2023,5.43%,5.44%,5.37%,5.42%
11/1/2023,5.47%,5.50%,0.01%,5.43%
10/31/2023,5.44%,5.47%,5.40%,5.47%
10/30/2023,5.41%,5.44%,5.40%,5.44%
10/27/2023,5.42%,5.45%,5.40%,5.41%
10/26/2023,5.45%,5.47%,5.41%,5.42%
10/25/2023,5.45%,5.47%,5.41%,5.45%
10/24/2023,5.42%,5.47%,5.40%,5.45%
10/23/2023,5.41%,5.46%,5.40%,5.42%
10/20/2023,5.43%,5.47%,5.41%,5.41%
10/19/2023,5.47%,5.49%,5.43%,5.43%
10/18/2023,5.49%,5.50%,5.42%,5.47%
10/17/2023,5.43%,5.49%,5.40%,5.49%
10/16/2023,5.41%,5.44%,5.39%,5.43%
10/13/2023,5.44%,5.44%,5.38%,5.41%
10/12/2023,5.39%,5.45%,5.36%,5.44%
10/11/2023,5.36%,5.41%,5.35%,5.39%
10/10/2023,5.43%,5.45%,5.35%,5.36%
10/6/2023,5.39%,5.45%,5.38%,5.43%
10/5/2023,5.43%,5.49%,5.37%,5.39%
10/4/2023,5.52%,5.52%,5.41%,5.43%
10/3/2023,5.47%,5.52%,5.46%,5.52%
10/2/2023,5.47%,5.48%,5.47%,5.47%
9/29/2023,5.47%,5.48%,5.44%,5.47%
9/28/2023,5.49%,5.50%,5.47%,5.47%
9/27/2023,5.47%,5.51%,5.46%,5.49%
9/26/2023,5.46%,5.48%,5.44%,5.47%
9/25/2023,5.45%,5.47%,5.44%,5.46%
9/22/2023,5.46%,5.46%,5.44%,5.45%
9/21/2023,5.48%,5.49%,5.45%,5.46%
9/20/2023,5.45%,5.50%,5.42%,5.48%
9/19/2023,5.44%,5.46%,5.42%,5.45%
9/18/2023,5.43%,5.45%,5.42%,5.44%
9/15/2023,5.42%,5.45%,5.42%,5.43%
9/14/2023,5.42%,5.44%,5.41%,5.42%
9/13/2023,5.42%,5.44%,5.40%,5.42%
9/12/2023,5.41%,5.43%,5.39%,5.42%
9/11/2023,5.41%,5.42%,5.38%,5.41%
9/8/2023,5.42%,5.42%,5.38%,5.41%
9/7/2023,5.44%,5.44%,5.41%,5.42%
9/6/2023,5.43%,5.48%,5.37%,5.44%
9/5/2023,5.38%,5.44%,5.36%,5.43%
9/1/2023,5.40%,5.40%,5.35%,5.38%
8/31/2023,5.40%,5.41%,5.37%,5.40%
8/30/2023,5.39%,5.41%,5.38%,5.40%
8/29/2023,5.46%,5.47%,5.39%,5.39%
8/28/2023,5.45%,5.47%,5.44%,5.46%
8/25/2023,5.40%,5.45%,5.39%,5.45%
8/24/2023,5.37%,5.41%,5.36%,5.40%
8/23/2023,5.40%,5.41%,5.35%,5.37%
8/22/2023,5.39%,5.41%,5.36%,5.40%
8/21/2023,5.35%,5.39%,5.34%,5.39%
8/18/2023,5.36%,5.37%,5.34%,5.35%
8/17/2023,5.37%,5.39%,5.35%,5.36%
8/16/2023,5.36%,5.38%,5.34%,5.37%
8/15/2023,5.38%,5.39%,5.36%,5.36%
8/14/2023,5.35%,5.38%,5.34%,5.38%
8/11/2023,5.33%,5.36%,5.33%,5.35%
8/10/2023,5.33%,5.36%,5.32%,5.33%
8/9/2023,5.33%,5.36%,5.32%,5.33%
8/8/2023,5.33%,5.35%,5.30%,5.33%
8/7/2023,5.34%,5.36%,5.32%,5.33%
8/4/2023,5.38%,5.41%,5.33%,5.34%
8/3/2023,5.38%,5.40%,5.35%,5.38%
8/2/2023,5.39%,5.40%,5.33%,5.38%
8/1/2023,5.38%,5.41%,5.35%,5.39%
7/31/2023,5.38%,5.40%,5.33%,5.38%
7/28/2023,5.40%,5.40%,5.33%,5.38%
7/27/2023,5.37%,5.41%,5.35%,5.40%
7/26/2023,5.39%,5.42%,5.36%,5.37%
7/25/2023,5.37%,5.41%,5.34%,5.39%
7/24/2023,5.34%,5.38%,5.30%,5.37%
7/21/2023,5.33%,5.36%,5.31%,5.34%
7/20/2023,5.32%,5.36%,5.28%,5.33%
7/19/2023,5.33%,5.34%,5.26%,5.32%
7/18/2023,5.33%,5.34%,5.28%,5.33%
7/17/2023,5.32%,5.34%,5.29%,5.33%
7/14/2023,5.27%,5.35%,5.25%,5.32%
7/13/2023,5.35%,5.35%,5.26%,5.27%
7/12/2023,5.40%,5.42%,5.33%,5.35%
7/11/2023,5.40%,5.42%,5.37%,5.40%
7/10/2023,5.42%,5.44%,5.39%,5.40%
7/7/2023,5.43%,5.45%,5.41%,5.42%
7/6/2023,5.41%,5.49%,5.40%,5.43%
7/5/2023,5.42%,5.43%,5.40%,5.41%
7/3/2023,5.42%,5.44%,5.40%,5.42%
6/30/2023,5.41%,5.43%,5.39%,5.42%
6/29/2023,5.34%,5.43%,5.31%,5.41%
6/28/2023,5.32%,5.35%,5.28%,5.34%
6/27/2023,5.28%,5.34%,5.26%,5.32%
6/26/2023,5.25%,5.28%,5.24%,5.28%
6/23/2023,5.28%,5.29%,5.24%,5.25%
6/22/2023,5.24%,5.29%,5.22%,5.28%
6/21/2023,5.23%,5.27%,5.21%,5.24%
6/20/2023,5.22%,5.24%,5.21%,5.23%
6/16/2023,5.19%,5.26%,5.19%,5.22%
6/15/2023,5.25%,5.29%,5.19%,5.19%
6/14/2023,5.24%,5.30%,5.20%,5.25%
6/13/2023,5.21%,5.25%,5.15%,5.24%
6/12/2023,5.21%,5.22%,5.17%,5.21%
6/9/2023,5.15%,5.21%,5.13%,5.21%
6/8/2023,5.18%,5.19%,5.12%,5.15%
6/7/2023,5.20%,5.25%,5.16%,5.18%
6/6/2023,5.18%,5.22%,5.17%,5.20%
6/5/2023,5.24%,5.26%,5.18%,5.18%
6/2/2023,5.15%,5.26%,5.11%,5.24%
6/1/2023,5.18%,5.20%,5.13%,5.15%
5/31/2023,5.21%,5.24%,5.17%,5.18%
5/30/2023,5.25%,5.27%,5.21%,5.21%
5/26/2023,5.25%,5.28%,5.19%,5.25%
5/25/2023,5.13%,5.25%,5.10%,5.25%
5/24/2023,5.08%,5.17%,5.07%,5.13%
5/23/2023,5.07%,5.13%,5.05%,5.08%
5/22/2023,5.02%,5.08%,5.00%,5.07%
5/19/2023,5.00%,5.08%,4.98%,5.02%
5/18/2023,4.91%,5.02%,4.87%,5.00%
5/17/2023,4.90%,4.93%,4.86%,4.91%
5/16/2023,4.77%,4.91%,4.73%,4.90%
5/15/2023,4.77%,4.79%,4.74%,4.77%
5/12/2023,4.74%,4.79%,4.71%,4.77%
5/11/2023,4.72%,4.75%,4.68%,4.74%
5/10/2023,4.85%,4.87%,4.72%,4.72%
5/9/2023,4.81%,4.88%,4.78%,4.85%
5/8/2023,4.75%,4.83%,4.74%,4.81%
5/5/2023,4.64%,4.76%,4.62%,4.75%
5/4/2023,4.67%,4.86%,4.57%,4.64%
5/3/2023,4.76%,4.86%,4.66%,4.67%
5/2/2023,4.87%,4.88%,4.71%,4.76%
5/1/2023,4.77%,4.90%,4.77%,4.87%
4/28/2023,4.79%,4.81%,4.75%,4.77%
4/27/2023,4.68%,4.81%,4.64%,4.79%
4/26/2023,4.64%,4.72%,4.60%,4.68%
4/25/2023,4.75%,4.77%,4.60%,4.64%
4/24/2023,4.76%,4.79%,4.73%,4.75%
4/21/2023,4.74%,4.79%,4.72%,4.76%
4/20/2023,4.81%,4.84%,4.74%,4.74%
4/19/2023,4.82%,4.85%,4.76%,4.81%
4/18/2023,4.89%,4.90%,4.76%,4.82%
4/17/2023,4.85%,4.92%,4.82%,4.89%
4/14/2023,4.72%,4.88%,4.68%,4.85%
4/13/2023,4.72%,4.76%,4.63%,4.72%
4/12/2023,4.74%,4.78%,4.65%,4.72%
4/11/2023,4.72%,4.77%,4.60%,4.74%
4/10/2023,4.67%,4.73%,4.43%,4.72%
4/7/2023,4.55%,4.67%,4.43%,4.67%
4/6/2023,4.49%,4.58%,4.34%,4.55%
4/5/2023,4.52%,4.62%,4.42%,4.49%
4/4/2023,4.64%,4.72%,4.47%,4.52%
4/3/2023,4.69%,4.70%,4.60%,4.64%
3/31/2023,4.62%,4.70%,4.54%,4.69%
3/30/2023,4.60%,4.69%,4.49%,4.62%
3/29/2023,4.60%,4.62%,4.43%,4.60%
3/28/2023,4.55%,4.60%,4.49%,4.60%
3/27/2023,4.32%,4.55%,4.31%,4.55%
3/24/2023,4.41%,4.46%,4.16%,4.32%
3/23/2023,4.55%,4.56%,4.38%,4.41%
3/22/2023,4.65%,4.75%,4.53%,4.55%
3/21/2023,4.41%,4.68%,4.39%,4.65%
3/20/2023,4.25%,4.41%,4.18%,4.41%
3/17/2023,4.52%,4.54%,4.25%,4.25%
3/16/2023,4.10%,4.55%,4.10%,4.52%
3/15/2023,4.52%,4.59%,4.08%,4.10%
3/14/2023,4.27%,4.65%,4.26%,4.52%
3/13/2023,4.91%,4.91%,4.27%,4.27%
3/10/2023,5.21%,5.30%,4.91%,4.91%
3/9/2023,5.31%,5.31%,5.21%,5.21%
3/8/2023,5.28%,5.32%,5.26%,5.31%
3/7/2023,5.11%,5.28%,5.08%,5.28%
3/6/2023,5.09%,5.12%,5.08%,5.11%
3/3/2023,5.09%,5.11%,5.07%,5.09%
3/2/2023,5.10%,5.13%,5.08%,5.09%
3/1/2023,5.08%,5.14%,5.07%,5.10%
2/28/2023,5.08%,5.12%,5.07%,5.08%
2/27/2023,5.10%,5.12%,5.08%,5.08%
2/24/2023,5.09%,5.15%,5.07%,5.10%
2/23/2023,5.12%,5.13%,5.08%,5.09%
2/22/2023,5.10%,5.13%,5.05%,5.12%
2/21/2023,5.05%,5.10%,5.02%,5.10%
2/20/2023,5.05%,5.05%,5.05%,5.05%
2/17/2023,5.05%,5.09%,5.01%,5.05%
2/16/2023,5.03%,5.05%,4.99%,5.05%
2/15/2023,5.03%,5.05%,4.94%,5.03%
2/14/2023,4.98%,5.05%,4.92%,5.03%
2/13/2023,4.94%,4.99%,4.89%,4.98%
2/10/2023,4.93%,4.94%,4.89%,4.94%
2/9/2023,4.92%,4.94%,4.88%,4.93%
2/8/2023,4.93%,4.95%,4.86%,4.92%
2/7/2023,4.93%,4.93%,4.89%,4.93%
2/6/2023,4.69%,4.94%,4.67%,4.93%
2/3/2023,4.69%,4.83%,4.66%,4.69%
2/2/2023,4.70%,4.73%,4.65%,4.69%
2/1/2023,4.79%,4.79%,4.70%,4.70%
1/31/2023,4.72%,4.79%,4.72%,4.79%
1/30/2023,4.73%,4.77%,4.71%,4.72%
1/27/2023,4.73%,4.74%,4.70%,4.73%
1/26/2023,4.71%,4.74%,4.69%,4.73%
1/25/2023,4.73%,4.75%,4.71%,4.71%
1/24/2023,4.75%,4.76%,4.72%,4.73%
1/23/2023,4.73%,4.76%,4.71%,4.75%
1/20/2023,4.72%,4.75%,4.69%,4.73%
1/19/2023,4.69%,4.74%,4.67%,4.72%
1/18/2023,4.74%,4.74%,4.68%,4.69%
1/17/2023,4.74%,4.76%,4.71%,4.74%
1/13/2023,4.72%,4.77%,4.71%,4.74%
1/12/2023,4.78%,4.79%,4.71%,4.72%
1/11/2023,4.77%,4.82%,4.71%,4.78%
1/10/2023,4.75%,4.83%,4.71%,4.77%
1/9/2023,4.77%,4.83%,4.73%,4.75%
1/6/2023,4.83%,4.87%,4.73%,4.77%
1/5/2023,4.73%,4.83%,4.73%,4.83%
1/4/2023,4.76%,4.78%,4.72%,4.73%
1/3/2023,4.73%,4.77%,4.73%,4.76%
12/30/2022,4.74%,4.76%,4.71%,4.73%
12/29/2022,4.74%,4.78%,4.73%,4.74%
12/28/2022,4.74%,4.79%,4.70%,4.74%
12/27/2022,4.70%,4.80%,4.65%,4.74%
12/23/2022,4.67%,4.71%,4.62%,4.70%
12/22/2022,4.64%,4.69%,4.60%,4.67%
12/21/2022,4.68%,4.70%,4.64%,4.64%
12/20/2022,4.68%,4.71%,4.63%,4.68%
12/19/2022,4.64%,4.71%,4.62%,4.68%
12/16/2022,4.68%,4.72%,4.64%,4.64%
12/15/2022,4.66%,4.71%,4.66%,4.68%
12/14/2022,4.68%,4.78%,4.62%,4.66%
12/13/2022,4.77%,4.80%,4.65%,4.68%
12/12/2022,4.76%,4.81%,4.73%,4.77%
12/9/2022,4.73%,4.77%,4.71%,4.76%
12/8/2022,4.71%,4.77%,4.70%,4.73%
12/7/2022,4.80%,4.80%,4.71%,4.71%
12/6/2022,4.73%,4.81%,4.73%,4.80%
12/5/2022,4.72%,4.82%,4.71%,4.73%
12/2/2022,4.69%,4.79%,4.66%,4.72%
12/1/2022,4.85%,4.85%,4.69%,4.69%
11/30/2022,4.85%,4.87%,4.78%,4.85%
11/29/2022,4.78%,4.85%,4.77%,4.85%
11/28/2022,4.80%,4.81%,4.77%,4.78%
11/25/2022,4.80%,4.82%,4.76%,4.80%
11/23/2022,4.80%,4.87%,4.79%,4.80%
11/22/2022,4.78%,4.85%,4.77%,4.80%
11/21/2022,4.78%,4.81%,4.71%,4.78%
11/18/2022,4.66%,4.80%,4.66%,4.78%
11/17/2022,4.64%,4.75%,4.63%,4.66%
11/16/2022,4.63%,4.67%,4.61%,4.64%
11/15/2022,4.64%,4.68%,4.63%,4.63%
11/14/2022,4.64%,4.74%,4.63%,4.64%
11/10/2022,4.81%,4.81%,4.60%,4.64%
11/9/2022,4.83%,4.83%,4.75%,4.81%
11/8/2022,4.80%,4.84%,4.80%,4.83%
11/7/2022,4.79%,4.84%,4.79%,4.80%
11/4/2022,4.83%,4.88%,4.78%,4.79%
11/3/2022,4.68%,4.85%,4.67%,4.83%
11/2/2022,4.71%,4.80%,4.62%,4.69%
11/1/2022,4.69%,4.71%,4.61%,4.71%
10/31/2022,4.60%,4.71%,4.48%,4.69%
10/28/2022,4.52%,4.62%,4.51%,4.60%
10/27/2022,4.58%,4.62%,4.52%,4.52%
10/26/2022,4.63%,4.64%,4.57%,4.58%
10/25/2022,4.65%,4.66%,4.60%,4.63%
10/24/2022,4.60%,4.69%,4.58%,4.65%
10/21/2022,4.68%,4.73%,4.34%,4.60%
10/20/2022,4.66%,4.73%,4.28%,4.68%
10/19/2022,4.54%,4.66%,4.27%,4.66%
10/18/2022,4.53%,4.54%,4.26%,4.54%
10/17/2022,4.54%,4.54%,4.23%,4.53%
10/14/2022,4.50%,4.55%,4.21%,4.54%
10/13/2022,4.30%,4.52%,4.05%,4.50%
10/12/2022,4.32%,4.34%,4.03%,4.30%
10/11/2022,4.27%,4.33%,4.03%,4.32%
10/10/2022,4.27%,4.27%,4.05%,4.27%
10/7/2022,4.25%,4.30%,3.99%,4.27%
10/6/2022,4.18%,4.25%,3.94%,4.25%
10/5/2022,3.98%,4.22%,3.79%,4.18%
10/4/2022,4.01%,4.01%,3.72%,3.98%
10/3/2022,4.03%,4.03%,3.78%,4.01%
9/30/2022,3.99%,4.05%,3.77%,4.03%
9/29/2022,4.01%,4.05%,3.78%,3.99%
9/28/2022,4.16%,4.18%,3.79%,4.01%
9/27/2022,4.19%,4.21%,3.91%,4.16%
9/26/2022,4.15%,4.21%,3.92%,4.19%
9/23/2022,4.09%,4.22%,3.88%,4.15%
9/22/2022,4.10%,4.14%,3.88%,4.09%
9/21/2022,4.06%,4.21%,3.84%,4.10%
9/20/2022,4.08%,4.09%,3.84%,4.06%
9/19/2022,3.99%,4.08%,3.79%,4.08%
9/16/2022,4.03%,4.07%,3.78%,3.99%
9/15/2022,3.99%,4.04%,3.77%,4.03%
9/14/2022,3.92%,4.02%,3.72%,3.99%
9/13/2022,3.70%,3.96%,3.49%,3.92%
9/12/2022,3.67%,3.70%,3.48%,3.70%
9/9/2022,3.63%,3.68%,3.44%,3.49%
9/8/2022,3.61%,3.64%,3.43%,3.63%
9/7/2022,3.55%,3.65%,3.37%,3.61%
9/6/2022,3.47%,3.56%,3.31%,3.55%
9/5/2022,3.47%,3.47%,3.32%,3.47%
9/2/2022,3.53%,3.54%,3.30%,3.47%
9/1/2022,3.54%,3.56%,3.33%,3.53%
8/31/2022,3.49%,3.54%,3.27%,3.54%
8/30/2022,3.43%,3.50%,3.24%,3.49%
8/29/2022,3.38%,3.44%,3.20%,3.43%
8/26/2022,3.34%,3.39%,3.18%,3.38%
8/25/2022,3.37%,3.37%,3.18%,3.34%
8/24/2022,3.32%,3.37%,3.14%,3.37%
8/23/2022,3.33%,3.34%,3.12%,3.32%
8/22/2022,3.25%,3.35%,3.10%,3.33%
8/19/2022,3.23%,3.29%,3.09%,3.25%
8/18/2022,3.29%,3.30%,3.09%,3.23%
8/17/2022,3.30%,3.35%,3.13%,3.29%
8/16/2022,3.25%,3.31%,3.09%,3.30%
8/15/2022,3.29%,3.29%,3.09%,3.25%
8/12/2022,3.27%,3.29%,3.09%,3.15%
8/11/2022,3.28%,3.28%,3.07%,3.27%
8/10/2022,3.30%,3.36%,3.07%,3.28%
8/9/2022,3.29%,3.34%,3.13%,3.30%
8/8/2022,3.27%,3.30%,3.11%,3.15%
8/5/2022,3.11%,3.31%,2.97%,3.27%
8/4/2022,3.12%,3.16%,2.97%,3.11%
8/3/2022,3.09%,3.17%,2.95%,3.12%
8/2/2022,2.97%,3.12%,2.84%,3.09%
8/1/2022,2.97%,3.01%,2.80%,2.85%
7/29/2022,2.95%,2.98%,2.78%,2.97%
7/28/2022,3.01%,3.03%,2.79%,2.95%
7/27/2022,3.06%,3.09%,2.84%,3.01%
7/26/2022,3.05%,3.09%,2.90%,3.06%
7/25/2022,3.03%,3.08%,2.89%,3.05%
7/22/2022,3.10%,3.13%,2.86%,3.03%
7/21/2022,3.21%,3.22%,2.96%,3.10%
7/20/2022,3.21%,3.21%,3.02%,3.21%
7/19/2022,3.15%,3.21%,2.97%,3.21%
7/18/2022,3.09%,3.15%,2.96%,3.15%
7/15/2022,3.15%,3.22%,2.96%,3.09%
7/14/2022,3.21%,3.30%,3.01%,3.15%
7/13/2022,2.98%,3.25%,2.86%,3.21%
7/12/2022,2.98%,3.02%,2.79%,2.98%
7/11/2022,2.93%,2.98%,2.77%,2.98%
7/8/2022,2.86%,2.95%,2.73%,2.93%
7/7/2022,2.80%,2.92%,2.66%,2.75%
7/6/2022,2.74%,2.80%,2.60%,2.80%
7/5/2022,2.74%,2.76%,2.62%,2.74%
7/4/2022,2.74%,2.74%,2.64%,2.74%
7/1/2022,2.80%,2.80%,2.57%,2.74%
6/30/2022,2.84%,2.86%,2.67%,2.69%
6/29/2022,2.86%,2.89%,2.73%,2.84%
6/28/2022,2.86%,2.89%,2.73%,2.86%
6/27/2022,2.81%,2.89%,2.69%,2.86%
6/24/2022,2.78%,2.85%,2.63%,2.81%
6/23/2022,2.79%,2.81%,2.57%,2.78%
6/22/2022,2.92%,2.95%,2.66%,2.79%
6/21/2022,2.86%,2.93%,2.74%,2.92%
6/20/2022,2.86%,2.87%,2.75%,2.86%
6/17/2022,2.77%,2.91%,2.66%,2.86%
6/16/2022,2.91%,3.06%,2.74%,2.77%
6/15/2022,3.03%,3.16%,2.77%,2.91%
6/14/2022,3.01%,3.08%,2.69%,3.03%
6/13/2022,2.51%,3.01%,2.22%,3.01%
6/10/2022,2.29%,2.52%,2.21%,2.51%
6/9/2022,2.25%,2.33%,2.15%,2.29%
6/8/2022,2.22%,2.26%,2.12%,2.25%
6/7/2022,2.21%,2.22%,2.10%,2.22%
6/6/2022,2.16%,2.21%,2.08%,2.21%
6/3/2022,2.14%,2.18%,2.05%,2.16%
6/2/2022,2.12%,2.16%,2.05%,2.14%
6/1/2022,2.08%,2.13%,1.99%,2.12%
5/31/2022,1.99%,2.13%,1.92%,2.08%
5/30/2022,2.00%,2.00%,1.92%,1.99%
5/27/2022,1.99%,2.01%,1.90%,2.00%
5/26/2022,2.02%,2.02%,1.90%,1.99%
5/25/2022,2.01%,2.02%,1.91%,2.02%
5/24/2022,2.10%,2.10%,1.93%,2.01%
5/23/2022,2.06%,2.11%,1.99%,2.10%
5/20/2022,2.11%,2.12%,1.99%,2.00%
5/19/2022,2.05%,2.18%,1.98%,1.99%
5/18/2022,2.07%,2.08%,1.96%,2.02%
5/17/2022,2.01%,2.10%,1.93%,2.07%
5/16/2022,1.95%,2.01%,1.88%,1.88%
5/13/2022,1.91%,1.98%,1.83%,1.89%
5/12/2022,1.94%,1.95%,1.83%,1.85%
5/11/2022,1.93%,2.01%,1.86%,1.88%
5/10/2022,1.92%,1.96%,1.84%,1.87%
5/9/2022,2.00%,2.02%,1.84%,1.93%
5/6/2022,2.03%,2.07%,1.92%,1.94%
5/5/2022,2.02%,2.11%,1.94%,2.04%
5/4/2022,2.12%,2.17%,1.95%,2.05%
5/3/2022,2.07%,2.13%,1.98%,1.99%
5/2/2022,2.08%,2.09%,1.96%,1.99%
4/29/2022,2.00%,2.08%,1.93%,1.94%
4/28/2022,1.97%,2.02%,1.88%,1.88%
4/27/2022,1.95%,1.98%,1.87%,1.92%
4/26/2022,2.02%,2.04%,1.89%,1.96%
4/25/2022,2.05%,2.07%,1.92%,2.02%
4/22/2022,2.00%,2.10%,1.94%,1.96%
4/21/2022,1.94%,2.03%,1.88%,1.89%
4/20/2022,1.85%,1.97%,1.78%,1.88%
4/19/2022,1.77%,1.85%,1.72%,1.72%
4/18/2022,1.75%,1.79%,1.63%,1.69%
4/15/2022,1.75%,1.75%,1.69%,1.69%
4/14/2022,1.68%,1.76%,1.62%,1.64%
4/13/2022,1.70%,1.72%,1.60%,1.68%
4/12/2022,1.79%,1.81%,1.63%,1.65%
4/11/2022,1.77%,1.81%,1.68%,1.72%
4/8/2022,1.74%,1.79%,1.66%,1.69%
4/7/2022,1.76%,1.76%,1.67%,1.71%
4/6/2022,1.75%,1.79%,1.68%,1.70%
4/5/2022,1.71%,1.76%,1.64%,1.70%
4/4/2022,1.70%,1.73%,1.63%,1.64%
4/1/2022,1.61%,1.74%,1.56%,1.66%
3/31/2022,1.65%,1.65%,1.56%,1.57%
3/30/2022,1.68%,1.68%,1.58%,1.58%
3/29/2022,1.66%,1.71%,1.59%,1.67%
3/28/2022,1.66%,1.72%,1.57%,1.63%
3/25/2022,1.55%,1.66%,1.50%,1.61%
3/24/2022,1.53%,1.57%,1.47%,1.52%
3/23/2022,1.31%,1.60%,1.28%,1.48%
3/22/2022,1.24%,1.36%,1.22%,1.24%
3/21/2022,1.23%,1.29%,1.16%,1.26%
3/18/2022,1.22%,1.25%,1.15%,1.20%
3/17/2022,1.30%,1.30%,1.18%,1.19%
3/16/2022,1.17%,1.31%,1.15%,1.23%
3/15/2022,1.22%,1.24%,0.01%,1.21%
3/14/2022,1.15%,1.24%,1.11%,1.21%
3/11/2022,1.14%,1.17%,1.08%,1.12%
3/10/2022,1.09%,1.19%,1.06%,1.11%
3/9/2022,1.08%,1.13%,0.99%,1.09%
3/8/2022,1.05%,1.10%,1.01%,1.06%
3/7/2022,1.02%,1.07%,0.97%,1.02%
3/4/2022,1.03%,1.06%,0.97%,1.00%
3/3/2022,1.03%,1.07%,1.00%,1.03%
3/2/2022,0.87%,1.05%,0.85%,1.01%
3/1/2022,1.00%,1.04%,0.85%,0.85%
2/28/2022,1.13%,1.13%,0.98%,0.98%
2/25/2022,1.06%,1.14%,1.00%,1.10%
2/24/2022,1.13%,1.16%,1.00%,1.06%
2/23/2022,1.05%,1.19%,1.02%,1.13%
2/22/2022,1.00%,1.08%,0.96%,1.03%
2/21/2022,0.97%,1.00%,0.97%,0.97%
2/18/2022,1.00%,1.03%,0.01%,0.97%
2/17/2022,1.00%,1.05%,0.98%,0.98%
2/16/2022,1.07%,1.08%,1.00%,1.00%
2/15/2022,1.09%,1.11%,1.04%,1.04%
2/14/2022,1.01%,1.13%,1.01%,1.07%
2/11/2022,1.13%,1.13%,1.01%,1.01%
2/10/2022,0.90%,1.13%,0.86%,1.10%
2/9/2022,0.89%,0.90%,0.84%,0.88%
2/8/2022,0.86%,0.89%,0.84%,0.87%
2/7/2022,0.87%,0.89%,0.84%,0.84%
2/4/2022,0.77%,0.88%,0.75%,0.86%
2/3/2022,0.75%,0.77%,0.71%,0.75%
2/2/2022,0.78%,0.78%,0.73%,0.73%
2/1/2022,0.79%,0.79%,0.75%,0.76%
1/31/2022,0.76%,0.80%,0.73%,0.77%
1/28/2022,0.75%,0.79%,0.73%,0.74%
1/27/2022,0.71%,0.76%,0.66%,0.74%
1/26/2022,0.59%,0.72%,0.59%,0.71%
1/25/2022,0.57%,1.14%,0.01%,0.55%
1/24/2022,0.56%,0.57%,0.54%,0.55%
1/21/2022,0.54%,0.57%,0.53%,0.55%
1/20/2022,0.55%,0.57%,0.52%,0.54%
1/19/2022,0.54%,0.57%,0.52%,0.54%
1/18/2022,0.49%,0.55%,0.48%,0.55%
1/16/2022,0.48%,0.49%,0.48%,0.48%
1/14/2022,0.45%,0.49%,0.45%,0.48%
1/13/2022,0.45%,0.47%,0.44%,0.45%
1/12/2022,0.45%,0.46%,0.43%,0.44%
1/11/2022,0.43%,0.47%,0.42%,0.44%
1/10/2022,0.42%,0.44%,0.34%,0.43%
1/7/2022,0.42%,0.44%,0.41%,0.41%
1/6/2022,0.40%,0.44%,0.37%,0.42%
1/5/2022,0.38%,0.40%,0.38%,0.39%
1/4/2022,0.39%,0.40%,0.36%,0.37%
1/3/2022,0.39%,0.40%,0.38%,0.39%
12/31/2021,0.37%,0.39%,0.36%,0.38%
12/30/2021,0.38%,0.39%,0.36%,0.37%
12/29/2021,0.29%,0.40%,0.27%,0.38%
12/28/2021,0.30%,0.31%,0.28%,0.29%
12/27/2021,0.28%,0.30%,0.01%,0.28%
12/23/2021,0.26%,0.28%,0.26%,0.26%
12/22/2021,0.28%,0.28%,0.26%,0.26%
12/21/2021,0.25%,0.28%,0.25%,0.27%
12/20/2021,0.25%,0.26%,0.24%,0.25%
12/17/2021,0.25%,0.26%,0.23%,0.24%
12/16/2021,0.27%,0.29%,0.25%,0.25%
12/15/2021,0.25%,0.31%,0.24%,0.27%
12/14/2021,0.25%,0.26%,0.24%,0.25%
12/13/2021,0.26%,0.28%,0.25%,0.25%
12/10/2021,0.27%,0.29%,0.25%,0.26%
12/9/2021,0.29%,0.30%,0.26%,0.27%
12/8/2021,0.32%,0.35%,0.28%,0.29%
12/7/2021,0.28%,0.32%,0.27%,0.31%
12/6/2021,0.26%,0.28%,0.25%,0.26%
12/3/2021,0.26%,0.27%,0.25%,0.26%
12/2/2021,0.25%,0.32%,0.23%,0.25%
12/1/2021,0.25%,0.27%,0.22%,0.25%
11/30/2021,0.19%,0.23%,0.13%,0.19%
11/29/2021,0.18%,0.22%,0.01%,0.18%
11/26/2021,0.19%,0.22%,0.17%,0.18%
11/25/2021,0.19%,0.22%,0.19%,0.22%
11/24/2021,0.19%,0.22%,0.18%,0.19%
11/23/2021,0.19%,0.19%,0.18%,0.18%
11/22/2021,0.16%,0.19%,0.15%,0.15%
11/19/2021,0.16%,0.17%,0.13%,0.15%
11/18/2021,0.16%,0.18%,0.15%,0.16%
11/17/2021,0.16%,0.17%,0.15%,0.16%
11/16/2021,0.17%,0.18%,0.16%,0.16%
11/15/2021,0.17%,0.18%,0.16%,0.17%
11/12/2021,0.17%,0.18%,0.16%,0.17%
11/10/2021,0.14%,0.17%,0.14%,0.16%
11/9/2021,0.15%,0.16%,0.13%,0.14%
11/8/2021,0.15%,0.15%,0.13%,0.15%
11/5/2021,0.18%,0.18%,0.00%,0.15%
11/4/2021,0.17%,0.18%,0.13%,0.18%
11/3/2021,0.12%,0.18%,0.12%,0.17%
11/2/2021,0.12%,0.13%,0.12%,0.13%
11/1/2021,0.13%,0.13%,0.12%,0.13%
10/29/2021,0.13%,0.13%,0.11%,0.13%
10/28/2021,0.12%,0.14%,0.11%,0.12%
10/27/2021,0.12%,0.14%,0.12%,0.12%
10/26/2021,0.12%,0.13%,0.11%,0.12%
10/25/2021,0.12%,0.12%,0.11%,0.12%
10/22/2021,0.11%,0.12%,0.10%,0.12%
10/21/2021,0.10%,0.11%,0.09%,0.11%
10/20/2021,0.10%,0.11%,0.09%,0.10%
10/19/2021,0.11%,0.11%,0.10%,0.10%
10/18/2021,0.11%,0.11%,0.09%,0.11%
10/15/2021,0.10%,0.11%,0.09%,0.10%
10/14/2021,0.10%,0.10%,0.09%,0.10%
10/13/2021,0.10%,0.11%,0.09%,0.10%
10/12/2021,0.09%,0.11%,0.09%,0.10%
10/10/2021,0.10%,0.10%,0.09%,0.09%
10/8/2021,0.10%,0.10%,0.09%,0.09%
10/7/2021,0.09%,0.10%,0.09%,0.10%
10/6/2021,0.08%,0.10%,0.08%,0.09%
10/5/2021,0.08%,0.09%,0.08%,0.08%
10/4/2021,0.09%,0.09%,0.07%,0.08%
10/1/2021,0.08%,0.09%,0.08%,0.08%
9/30/2021,0.08%,0.09%,0.07%,0.08%
9/29/2021,0.08%,0.09%,0.07%,0.08%
9/28/2021,0.08%,0.09%,0.08%,0.08%
9/27/2021,0.07%,0.08%,0.07%,0.07%
9/24/2021,0.08%,0.08%,0.07%,0.08%
9/23/2021,0.08%,0.08%,0.07%,0.08%
9/22/2021,0.07%,0.08%,0.06%,0.07%
9/21/2021,0.07%,0.08%,0.06%,0.07%
9/20/2021,0.08%,0.08%,0.06%,0.07%
9/17/2021,0.07%,0.08%,0.07%,0.07%
9/16/2021,0.07%,0.08%,0.07%,0.07%
9/15/2021,0.07%,0.08%,0.07%,0.07%
9/14/2021,0.08%,0.08%,0.06%,0.07%
9/13/2021,0.07%,0.08%,0.07%,0.07%
9/10/2021,0.08%,0.08%,0.07%,0.08%
9/9/2021,0.08%,0.08%,0.07%,0.07%
9/8/2021,0.07%,0.08%,0.07%,0.07%
9/7/2021,0.07%,0.08%,0.06%,0.07%
9/5/2021,0.07%,0.07%,0.07%,0.07%
9/3/2021,0.07%,0.08%,0.06%,0.07%
9/2/2021,0.07%,0.08%,0.07%,0.07%
9/1/2021,0.07%,0.08%,0.07%,0.07%
8/31/2021,0.07%,0.08%,0.06%,0.07%
8/30/2021,0.07%,0.08%,0.07%,0.07%
8/27/2021,0.07%,0.07%,0.06%,0.07%
8/26/2021,0.07%,0.07%,0.06%,0.07%
8/25/2021,0.07%,0.07%,0.06%,0.07%
8/24/2021,0.07%,0.07%,0.06%,0.07%
8/23/2021,0.07%,0.07%,0.06%,0.07%
8/20/2021,0.06%,0.07%,0.06%,0.07%
8/19/2021,0.07%,0.08%,0.06%,0.07%
8/18/2021,0.07%,0.08%,0.06%,0.07%
8/17/2021,0.08%,0.08%,0.06%,0.07%
8/16/2021,0.08%,0.08%,0.07%,0.08%
8/13/2021,0.08%,0.09%,0.08%,0.08%
8/12/2021,0.08%,0.09%,0.08%,0.08%
8/11/2021,0.08%,0.09%,0.07%,0.08%
8/10/2021,0.08%,0.08%,0.07%,0.08%
8/9/2021,0.07%,0.08%,0.07%,0.08%
8/6/2021,0.08%,0.08%,0.07%,0.07%
8/5/2021,0.07%,0.08%,0.06%,0.07%
8/4/2021,0.07%,0.07%,0.06%,0.07%
8/3/2021,0.07%,0.07%,0.06%,0.07%
8/2/2021,0.07%,0.07%,0.01%,0.07%
7/30/2021,0.07%,0.08%,0.06%,0.07%
7/29/2021,0.07%,0.08%,0.07%,0.07%
7/28/2021,0.06%,0.08%,0.06%,0.07%
7/27/2021,0.07%,0.08%,0.06%,0.07%
7/26/2021,0.07%,0.08%,0.07%,0.07%
7/23/2021,0.07%,0.08%,0.07%,0.07%
7/22/2021,0.07%,0.08%,0.01%,0.01%
7/21/2021,0.08%,0.08%,0.07%,0.08%
7/20/2021,0.07%,0.08%,0.07%,0.08%
7/19/2021,0.08%,0.08%,0.07%,0.08%
7/16/2021,0.01%,0.08%,0.01%,0.08%
7/15/2021,0.08%,0.08%,0.01%,0.01%
7/14/2021,0.07%,0.09%,0.07%,0.08%
7/13/2021,0.07%,0.08%,0.06%,0.08%
7/12/2021,0.07%,0.08%,0.06%,0.07%
7/9/2021,0.07%,0.07%,0.06%,0.07%
7/8/2021,0.07%,0.08%,0.06%,0.07%
7/7/2021,0.07%,0.08%,0.06%,0.07%
7/6/2021,0.07%,0.08%,0.06%,0.07%
7/4/2021,0.07%,0.07%,0.07%,0.07%
7/2/2021,0.07%,0.08%,0.01%,0.07%
7/1/2021,0.07%,0.08%,0.07%,0.07%
6/30/2021,0.07%,0.08%,0.07%,0.07%
6/29/2021,0.07%,0.08%,0.06%,0.08%
6/28/2021,0.09%,0.09%,0.07%,0.08%
6/25/2021,0.09%,0.09%,0.08%,0.09%
6/24/2021,0.08%,0.09%,0.08%,0.08%
6/23/2021,0.09%,0.09%,0.08%,0.08%
6/22/2021,0.09%,0.09%,0.08%,0.08%
6/21/2021,0.10%,0.10%,0.09%,0.09%
6/18/2021,0.08%,0.10%,0.07%,0.09%
6/17/2021,0.08%,0.09%,0.07%,0.08%
6/16/2021,0.06%,0.08%,0.05%,0.08%
6/15/2021,0.05%,0.06%,0.05%,0.05%
6/14/2021,0.05%,0.06%,0.05%,0.05%
6/11/2021,0.05%,0.06%,0.05%,0.05%
6/10/2021,0.05%,0.06%,0.04%,0.05%
6/9/2021,0.05%,0.06%,0.05%,0.05%
6/8/2021,0.05%,0.06%,0.05%,0.05%
6/7/2021,0.05%,0.05%,0.04%,0.05%
6/4/2021,0.05%,0.05%,0.04%,0.05%
6/3/2021,0.05%,0.05%,0.03%,0.05%
6/2/2021,0.05%,0.06%,0.04%,0.05%
6/1/2021,0.04%,0.05%,0.04%,0.05%
5/30/2021,0.04%,0.04%,0.04%,0.04%
5/28/2021,0.04%,0.05%,0.04%,0.04%
5/27/2021,0.04%,0.05%,0.04%,0.04%
5/26/2021,0.04%,0.05%,0.04%,0.04%
5/25/2021,0.04%,0.05%,0.04%,0.04%
5/24/2021,0.04%,0.05%,0.04%,0.04%
5/21/2021,0.05%,0.05%,0.04%,0.04%
5/20/2021,0.05%,0.06%,0.04%,0.04%
5/19/2021,0.05%,0.06%,0.04%,0.05%
5/18/2021,0.05%,0.05%,0.04%,0.05%
5/17/2021,0.05%,0.05%,0.04%,0.05%
5/14/2021,0.04%,0.05%,0.04%,0.04%
5/13/2021,0.05%,0.05%,0.04%,0.05%
5/12/2021,0.05%,0.06%,0.04%,0.05%
5/11/2021,0.05%,0.06%,0.05%,0.05%
5/10/2021,0.05%,0.06%,0.05%,0.05%
5/7/2021,0.05%,0.06%,0.04%,0.05%
5/6/2021,0.06%,0.06%,0.05%,0.05%
5/5/2021,0.06%,0.06%,0.05%,0.06%
5/4/2021,0.06%,0.06%,0.05%,0.06%
5/3/2021,0.05%,0.06%,0.05%,0.06%
4/30/2021,0.05%,0.06%,0.05%,0.05%
4/29/2021,0.06%,0.06%,0.05%,0.05%
4/28/2021,0.06%,0.07%,0.05%,0.06%
4/27/2021,0.06%,0.07%,0.06%,0.06%
4/26/2021,0.06%,0.07%,0.06%,0.06%
4/23/2021,0.07%,0.07%,0.05%,0.07%
4/22/2021,0.06%,0.07%,0.05%,0.06%
4/21/2021,0.06%,0.08%,0.04%,0.06%
4/20/2021,0.06%,0.07%,0.06%,0.06%
4/19/2021,0.06%,0.07%,0.06%,0.06%
4/16/2021,0.06%,0.07%,0.06%,0.07%
4/15/2021,0.06%,0.07%,0.06%,0.06%
4/14/2021,0.06%,0.07%,0.06%,0.06%
4/13/2021,0.06%,0.08%,0.06%,0.07%
4/12/2021,0.06%,0.07%,0.06%,0.06%
4/9/2021,0.06%,0.06%,0.05%,0.06%
4/8/2021,0.05%,0.06%,0.05%,0.05%
4/7/2021,0.06%,0.06%,0.05%,0.06%
4/6/2021,0.07%,0.07%,0.06%,0.06%
4/5/2021,0.06%,0.07%,0.06%,0.07%
4/2/2021,0.07%,0.07%,0.06%,0.07%
4/1/2021,0.07%,0.07%,0.06%,0.07%
3/31/2021,0.06%,0.07%,0.06%,0.07%
3/30/2021,0.07%,0.07%,0.06%,0.06%
3/29/2021,0.07%,0.08%,0.06%,0.06%
3/26/2021,0.08%,0.08%,0.06%,0.07%
3/25/2021,0.07%,0.08%,0.06%,0.08%
3/24/2021,0.06%,0.08%,0.06%,0.07%
3/23/2021,0.06%,0.08%,0.06%,0.06%
3/22/2021,0.06%,0.07%,0.06%,0.07%
3/19/2021,0.08%,0.08%,0.06%,0.06%
3/18/2021,0.07%,0.08%,0.06%,0.08%
3/17/2021,0.08%,0.08%,0.07%,0.07%
3/16/2021,0.08%,0.08%,0.07%,0.08%
3/15/2021,0.08%,0.09%,0.07%,0.08%
3/12/2021,0.08%,0.09%,0.08%,0.08%
3/11/2021,0.09%,0.09%,0.08%,0.08%
3/10/2021,0.10%,0.10%,0.08%,0.09%
3/9/2021,0.09%,0.10%,0.08%,0.10%
3/8/2021,0.08%,0.10%,0.08%,0.09%
3/5/2021,0.08%,0.09%,0.07%,0.08%
3/4/2021,0.09%,0.09%,0.08%,0.08%
3/3/2021,0.08%,0.09%,0.07%,0.09%
3/2/2021,0.08%,0.09%,0.06%,0.08%
3/1/2021,0.08%,0.09%,0.07%,0.08%
2/26/2021,0.09%,0.10%,0.07%,0.08%
2/25/2021,0.08%,0.10%,0.06%,0.09%
2/24/2021,0.07%,0.08%,0.06%,0.08%
2/23/2021,0.05%,0.07%,0.05%,0.07%
2/22/2021,0.07%,0.07%,0.05%,0.05%
2/19/2021,0.06%,0.07%,0.05%,0.07%
2/18/2021,0.08%,0.08%,0.05%,0.06%
2/17/2021,0.07%,0.09%,0.07%,0.08%
2/16/2021,0.07%,0.08%,0.06%,0.06%
2/14/2021,0.07%,0.07%,0.07%,0.06%
2/12/2021,0.07%,0.09%,0.06%,0.07%
2/11/2021,0.08%,0.08%,0.07%,0.08%
2/10/2021,0.07%,0.08%,0.07%,0.08%
2/9/2021,0.08%,0.08%,0.07%,0.07%
2/8/2021,0.07%,0.09%,0.06%,0.08%
2/5/2021,0.07%,0.08%,0.06%,0.07%
2/4/2021,0.08%,0.09%,0.07%,0.07%
2/3/2021,0.08%,0.09%,0.07%,0.08%
2/2/2021,0.09%,0.09%,0.07%,0.08%
2/1/2021,0.09%,0.09%,0.08%,0.09%
1/29/2021,0.09%,0.11%,0.08%,0.09%
1/28/2021,0.09%,0.10%,0.08%,0.09%
1/27/2021,0.10%,0.10%,0.08%,0.09%
1/26/2021,0.10%,0.12%,0.09%,0.10%
1/25/2021,0.10%,0.11%,0.04%,0.10%
1/22/2021,0.10%,0.11%,0.09%,0.10%
1/21/2021,0.10%,0.11%,0.09%,0.10%
1/20/2021,0.10%,0.11%,0.05%,0.10%
1/19/2021,0.10%,0.12%,0.10%,0.10%
1/17/2021,0.11%,0.11%,0.10%,0.11%
1/15/2021,0.10%,0.11%,0.10%,0.11%
1/14/2021,0.10%,0.11%,0.10%,0.10%
1/13/2021,0.11%,0.12%,0.10%,0.10%
1/12/2021,0.10%,0.12%,0.10%,0.11%
1/11/2021,0.11%,0.12%,0.07%,0.10%
1/8/2021,0.11%,0.13%,0.01%,0.11%
1/7/2021,0.11%,0.13%,0.09%,0.11%
1/6/2021,0.10%,0.13%,0.09%,0.11%
1/5/2021,0.11%,0.11%,0.01%,0.10%
1/4/2021,0.11%,0.12%,0.01%,0.11%
12/31/2020,0.10%,0.12%,0.08%,0.10%
12/30/2020,0.11%,0.13%,0.09%,0.10%
12/29/2020,0.11%,0.13%,0.10%,0.11%
12/28/2020,0.10%,0.12%,0.09%,0.11%
12/24/2020,0.09%,0.10%,0.09%,0.10%
12/23/2020,0.09%,0.10%,0.09%,0.09%
12/22/2020,0.09%,0.10%,0.09%,0.09%
12/21/2020,0.10%,0.10%,0.06%,0.09%
12/18/2020,0.09%,0.11%,0.08%,0.10%
12/17/2020,0.09%,0.11%,0.08%,0.09%
12/16/2020,0.09%,0.11%,0.08%,0.09%
12/15/2020,0.09%,0.10%,0.08%,0.09%
12/14/2020,0.09%,0.10%,0.09%,0.09%
12/11/2020,0.10%,0.10%,0.09%,0.09%
12/10/2020,0.10%,0.12%,0.09%,0.10%
12/9/2020,0.11%,0.12%,0.09%,0.10%
12/8/2020,0.10%,0.12%,0.10%,0.11%
12/7/2020,0.10%,0.12%,0.10%,0.10%
12/4/2020,0.11%,0.12%,0.10%,0.10%
12/3/2020,0.12%,0.12%,0.10%,0.11%
12/2/2020,0.11%,0.13%,0.10%,0.12%
12/1/2020,0.11%,0.12%,0.10%,0.11%
11/30/2020,0.09%,0.12%,0.09%,0.11%
11/27/2020,0.11%,0.12%,0.09%,0.09%
11/25/2020,0.11%,0.12%,0.10%,0.11%
11/24/2020,0.11%,0.12%,0.10%,0.11%
11/23/2020,0.11%,0.12%,0.10%,0.11%
11/20/2020,0.11%,0.12%,0.10%,0.11%
11/19/2020,0.12%,0.13%,0.10%,0.11%
11/18/2020,0.12%,0.13%,0.11%,0.12%
11/17/2020,0.12%,0.13%,0.11%,0.12%
11/16/2020,0.12%,0.14%,0.12%,0.12%
11/13/2020,0.12%,0.14%,0.11%,0.12%
11/12/2020,0.13%,0.14%,0.10%,0.12%
11/10/2020,0.13%,0.14%,0.12%,0.13%
11/9/2020,0.13%,0.15%,0.12%,0.13%
11/6/2020,0.12%,0.14%,0.11%,0.13%
11/5/2020,0.13%,0.14%,0.11%,0.12%
11/4/2020,0.12%,0.20%,0.11%,0.13%
11/3/2020,0.12%,0.13%,0.12%,0.12%
11/2/2020,0.13%,0.15%,0.12%,0.12%
10/30/2020,0.12%,0.14%,0.12%,0.13%
10/29/2020,0.12%,0.14%,0.12%,0.12%
10/28/2020,0.13%,0.13%,0.12%,0.12%
10/27/2020,0.13%,0.14%,0.12%,0.13%
10/26/2020,0.14%,0.14%,0.12%,0.13%
10/23/2020,0.13%,0.15%,0.12%,0.14%
10/22/2020,0.13%,0.15%,0.12%,0.13%
10/21/2020,0.13%,0.15%,0.12%,0.13%
10/20/2020,0.13%,0.15%,0.12%,0.13%
10/19/2020,0.13%,0.14%,0.12%,0.13%
10/16/2020,0.13%,0.14%,0.12%,0.13%
10/15/2020,0.14%,0.14%,0.12%,0.13%
10/14/2020,0.14%,0.15%,0.12%,0.13%
10/13/2020,0.14%,0.16%,0.13%,0.14%
10/11/2020,0.15%,0.15%,0.13%,0.14%
10/9/2020,0.13%,0.15%,0.11%,0.14%
10/8/2020,0.14%,0.15%,0.11%,0.13%
10/7/2020,0.13%,0.16%,0.12%,0.14%
10/6/2020,0.12%,0.15%,0.12%,0.13%
10/5/2020,0.13%,0.14%,0.11%,0.13%
10/2/2020,0.11%,0.14%,0.11%,0.12%
10/1/2020,0.14%,0.14%,0.10%,0.12%
9/30/2020,0.11%,0.15%,0.11%,0.13%
9/29/2020,0.13%,0.13%,0.11%,0.11%
9/28/2020,0.12%,0.14%,0.11%,0.12%
9/25/2020,0.12%,0.14%,0.11%,0.12%
9/24/2020,0.12%,0.14%,0.12%,0.12%
9/23/2020,0.12%,0.14%,0.12%,0.13%
9/22/2020,0.12%,0.14%,0.12%,0.13%
9/21/2020,0.13%,0.14%,0.11%,0.12%
9/18/2020,0.12%,0.15%,0.12%,0.12%
9/17/2020,0.12%,0.14%,0.08%,0.12%
9/16/2020,0.14%,0.14%,0.12%,0.12%
9/15/2020,0.14%,0.14%,0.13%,0.14%
9/14/2020,0.14%,0.15%,0.08%,0.14%
9/11/2020,0.15%,0.16%,0.12%,0.14%
9/10/2020,0.15%,0.16%,0.12%,0.14%
9/9/2020,0.15%,0.16%,0.13%,0.15%
9/8/2020,0.14%,0.15%,0.12%,0.13%
9/6/2020,0.14%,0.14%,0.14%,0.14%
9/4/2020,0.12%,0.14%,0.11%,0.14%
9/3/2020,0.13%,0.13%,0.11%,0.12%
9/2/2020,0.14%,0.14%,0.11%,0.13%
9/1/2020,0.15%,0.15%,0.12%,0.13%
8/31/2020,0.12%,0.16%,0.11%,0.14%
8/28/2020,0.14%,0.16%,0.12%,0.12%
8/27/2020,0.14%,0.15%,0.12%,0.13%
8/26/2020,0.13%,0.15%,0.12%,0.13%
8/25/2020,0.15%,0.16%,0.12%,0.13%
8/24/2020,0.14%,0.15%,0.12%,0.14%
8/21/2020,0.14%,0.15%,0.12%,0.14%
8/20/2020,0.13%,0.14%,0.12%,0.12%
8/19/2020,0.13%,0.14%,0.12%,0.13%
8/18/2020,0.14%,0.15%,0.12%,0.13%
8/17/2020,0.15%,0.15%,0.13%,0.13%
8/14/2020,0.15%,0.16%,0.14%,0.15%
8/13/2020,0.14%,0.16%,0.14%,0.14%
8/12/2020,0.14%,0.16%,0.13%,0.14%
8/11/2020,0.14%,0.16%,0.13%,0.14%
8/10/2020,0.14%,0.15%,0.12%,0.14%
8/7/2020,0.13%,0.16%,0.12%,0.14%
8/6/2020,0.14%,0.14%,0.12%,0.13%
8/5/2020,0.15%,0.15%,0.11%,0.14%
8/4/2020,0.12%,0.15%,0.11%,0.14%
8/3/2020,0.12%,0.13%,0.10%,0.12%
7/31/2020,0.12%,0.13%,0.11%,0.12%
7/30/2020,0.14%,0.14%,0.11%,0.11%
7/29/2020,0.15%,0.15%,0.12%,0.13%
7/28/2020,0.15%,0.16%,0.14%,0.15%
7/27/2020,0.16%,0.16%,0.14%,0.15%
7/24/2020,0.16%,0.17%,0.14%,0.14%
7/23/2020,0.15%,0.17%,0.14%,0.15%
7/22/2020,0.15%,0.16%,0.14%,0.16%
7/21/2020,0.14%,0.16%,0.14%,0.16%
7/20/2020,0.16%,0.16%,0.14%,0.15%
7/17/2020,0.17%,0.18%,0.13%,0.16%
7/16/2020,0.15%,0.18%,0.13%,0.15%
7/15/2020,0.17%,0.18%,0.13%,0.17%
7/14/2020,0.17%,0.19%,0.15%,0.16%
7/13/2020,0.16%,0.17%,0.14%,0.16%
7/10/2020,0.17%,0.17%,0.15%,0.16%
7/9/2020,0.17%,0.18%,0.15%,0.15%
7/8/2020,0.17%,0.19%,0.15%,0.17%
7/7/2020,0.18%,0.18%,0.15%,0.17%
7/6/2020,0.16%,0.18%,0.15%,0.16%
7/2/2020,0.16%,0.20%,0.15%,0.16%
7/1/2020,0.17%,0.18%,0.15%,0.16%
6/30/2020,0.16%,0.18%,0.15%,0.17%
6/29/2020,0.17%,0.17%,0.16%,0.16%
6/26/2020,0.18%,0.19%,0.17%,0.17%
6/25/2020,0.18%,0.19%,0.17%,0.17%
6/24/2020,0.17%,0.19%,0.17%,0.18%
6/23/2020,0.19%,0.19%,0.17%,0.18%
6/22/2020,0.19%,0.20%,0.17%,0.18%
6/19/2020,0.19%,0.20%,0.17%,0.18%
6/18/2020,0.20%,0.21%,0.17%,0.19%
6/17/2020,0.19%,0.21%,0.17%,0.20%
6/16/2020,0.19%,0.20%,0.16%,0.19%
6/15/2020,0.18%,0.20%,0.17%,0.18%
6/12/2020,0.19%,0.20%,0.17%,0.19%
6/11/2020,0.19%,0.20%,0.17%,0.19%
6/10/2020,0.20%,0.21%,0.16%,0.18%
6/9/2020,0.20%,0.22%,0.18%,0.20%
6/8/2020,0.20%,0.21%,0.17%,0.20%
6/5/2020,0.19%,0.20%,0.17%,0.19%
6/4/2020,0.18%,0.22%,0.17%,0.18%
6/3/2020,0.18%,0.20%,0.16%,0.18%
6/2/2020,0.19%,0.20%,0.16%,0.18%
6/1/2020,0.21%,0.21%,0.16%,0.18%
5/29/2020,0.18%,0.22%,0.17%,0.21%
5/28/2020,0.18%,0.20%,0.17%,0.18%
5/27/2020,0.17%,0.19%,0.17%,0.18%
5/26/2020,0.16%,0.19%,0.16%,0.17%
5/24/2020,0.17%,0.17%,0.16%,0.17%
5/22/2020,0.17%,0.19%,0.15%,0.17%
5/21/2020,0.18%,0.19%,0.15%,0.16%
5/20/2020,0.16%,0.18%,0.14%,0.16%
5/19/2020,0.17%,0.17%,0.15%,0.17%
5/18/2020,0.16%,0.19%,0.14%,0.17%
5/15/2020,0.16%,0.17%,0.14%,0.15%
5/14/2020,0.15%,0.18%,0.14%,0.16%
5/13/2020,0.16%,0.17%,0.13%,0.16%
5/12/2020,0.17%,0.18%,0.15%,0.17%
5/11/2020,0.16%,0.18%,0.14%,0.16%
5/8/2020,0.16%,0.16%,0.12%,0.16%
5/7/2020,0.18%,0.18%,0.15%,0.15%
5/6/2020,0.18%,0.20%,0.16%,0.18%
5/5/2020,0.16%,0.19%,0.16%,0.17%
5/4/2020,0.18%,0.18%,0.15%,0.16%
5/1/2020,0.15%,0.19%,0.15%,0.18%
4/30/2020,0.16%,0.18%,0.15%,0.17%
4/29/2020,0.17%,0.18%,0.14%,0.16%
4/28/2020,0.19%,0.19%,0.15%,0.17%
4/27/2020,0.17%,0.21%,0.16%,0.18%
4/24/2020,0.18%,0.19%,0.14%,0.17%
4/23/2020,0.18%,0.19%,0.13%,0.17%
4/22/2020,0.15%,0.19%,0.14%,0.17%
4/21/2020,0.15%,0.16%,0.14%,0.15%
4/20/2020,0.17%,0.18%,0.14%,0.14%
4/17/2020,0.18%,0.22%,0.16%,0.16%
4/16/2020,0.19%,0.20%,0.17%,0.17%
4/15/2020,0.24%,0.24%,0.17%,0.20%
4/14/2020,0.27%,0.27%,0.22%,0.23%
4/13/2020,0.25%,0.32%,0.22%,0.26%
4/9/2020,0.24%,0.29%,0.20%,0.25%
4/8/2020,0.21%,0.25%,0.17%,0.23%
4/7/2020,0.17%,0.22%,0.16%,0.19%
4/6/2020,0.16%,0.19%,0.14%,0.18%
4/3/2020,0.16%,0.17%,0.12%,0.16%
4/2/2020,0.17%,0.18%,0.11%,0.15%
4/1/2020,0.14%,0.20%,0.14%,0.16%
3/31/2020,0.14%,0.19%,0.13%,0.18%
3/30/2020,0.11%,0.18%,0.11%,0.14%
3/27/2020,0.13%,0.15%,0.10%,0.11%
3/26/2020,0.20%,0.20%,0.12%,0.12%
3/25/2020,0.24%,0.25%,0.18%,0.19%
3/24/2020,0.14%,0.27%,0.14%,0.25%
3/23/2020,0.13%,0.15%,0.08%,0.15%
3/20/2020,0.17%,0.17%,0.12%,0.13%
3/19/2020,0.17%,0.20%,0.16%,0.17%
3/18/2020,0.26%,0.28%,0.15%,0.18%
3/17/2020,0.26%,0.29%,0.23%,0.26%
3/16/2020,0.37%,0.37%,0.13%,0.26%
3/13/2020,0.34%,0.40%,0.31%,0.37%
3/12/2020,0.37%,0.38%,0.28%,0.38%
3/11/2020,0.41%,0.51%,0.34%,0.38%
3/10/2020,0.30%,0.45%,0.30%,0.45%
3/9/2020,0.39%,0.41%,0.19%,0.34%
3/6/2020,0.49%,0.50%,0.32%,0.39%
3/5/2020,0.59%,0.60%,0.46%,0.48%
3/4/2020,0.71%,0.72%,0.56%,0.59%
3/3/2020,0.94%,0.94%,0.55%,0.71%
3/2/2020,1.02%,1.02%,0.79%,0.94%
2/28/2020,1.16%,1.18%,0.97%,1.02%
2/27/2020,1.27%,1.31%,1.13%,1.27%
2/26/2020,1.33%,1.33%,1.26%,1.27%
2/25/2020,1.36%,1.37%,1.26%,1.33%
2/24/2020,1.44%,1.44%,1.31%,1.32%
2/21/2020,1.47%,1.48%,1.43%,1.44%
2/20/2020,1.49%,1.50%,1.46%,1.47%
2/19/2020,1.48%,1.50%,1.47%,1.49%
2/18/2020,1.49%,1.50%,1.47%,1.48%
2/16/2020,1.49%,1.49%,1.49%,1.49%
2/14/2020,1.50%,1.50%,1.47%,1.49%
2/13/2020,1.50%,1.51%,1.48%,1.50%
2/12/2020,1.49%,1.51%,1.48%,1.50%
2/11/2020,1.48%,1.50%,1.47%,1.49%
2/10/2020,1.49%,1.49%,1.46%,1.48%
2/7/2020,1.51%,1.51%,1.48%,1.49%
2/6/2020,1.50%,1.52%,1.49%,1.51%
2/5/2020,1.49%,1.51%,1.44%,1.50%
2/4/2020,1.47%,1.50%,1.46%,1.49%
2/3/2020,1.45%,1.48%,1.44%,1.47%
1/31/2020,1.49%,1.51%,1.45%,1.45%
1/30/2020,1.54%,1.54%,1.47%,1.49%
1/29/2020,1.55%,1.55%,1.50%,1.51%
1/28/2020,1.54%,1.57%,1.53%,1.55%
1/27/2020,1.55%,1.55%,1.51%,1.54%
1/24/2020,1.56%,1.57%,1.53%,1.55%
1/23/2020,1.55%,1.57%,1.53%,1.56%
1/22/2020,1.55%,1.56%,1.53%,1.55%
1/21/2020,1.56%,1.57%,1.54%,1.55%
1/20/2020,1.56%,1.56%,1.56%,1.56%
1/17/2020,1.56%,1.57%,1.54%,1.56%
1/16/2020,1.55%,1.57%,1.54%,1.56%
1/15/2020,1.54%,1.56%,1.53%,1.55%
1/14/2020,1.54%,1.55%,1.52%,1.54%
1/13/2020,1.54%,1.55%,1.53%,1.54%
1/10/2020,1.55%,1.55%,1.52%,1.54%
1/9/2020,1.55%,1.56%,1.54%,1.55%
1/8/2020,1.54%,1.56%,1.49%,1.55%
1/7/2020,1.55%,1.56%,1.53%,1.54%
1/6/2020,1.55%,1.57%,1.54%,1.55%
1/3/2020,1.66%,1.66%,1.52%,1.55%
1/2/2020,1.58%,1.66%,1.56%,1.66%
12/31/2019,1.52%,1.59%,1.51%,1.58%
12/30/2019,1.52%,1.54%,1.51%,1.52%
12/27/2019,1.53%,1.54%,1.50%,1.52%
12/26/2019,1.53%,1.56%,1.53%,1.53%
12/24/2019,1.53%,1.57%,1.53%,1.53%
12/23/2019,1.53%,1.55%,1.52%,1.54%
12/20/2019,1.53%,1.56%,1.52%,1.53%
12/19/2019,1.53%,1.56%,1.51%,1.53%
12/18/2019,1.55%,1.57%,1.52%,1.53%
12/17/2019,1.54%,1.56%,1.52%,1.55%
12/16/2019,1.54%,1.56%,1.53%,1.54%
12/13/2019,1.56%,1.58%,1.53%,1.54%
12/12/2019,1.56%,1.60%,1.55%,1.56%
12/11/2019,1.57%,1.58%,1.55%,1.56%
12/10/2019,1.56%,1.58%,1.55%,1.57%
12/9/2019,1.57%,1.58%,1.55%,1.56%
12/6/2019,1.57%,1.60%,1.53%,1.57%
12/5/2019,1.57%,1.58%,1.56%,1.57%
12/4/2019,1.57%,1.59%,1.56%,1.57%
12/3/2019,1.60%,1.61%,1.56%,1.57%
12/2/2019,1.60%,1.62%,1.59%,1.60%
11/29/2019,1.60%,1.61%,1.59%,1.60%
11/27/2019,1.59%,1.62%,1.58%,1.60%
11/26/2019,1.59%,1.60%,1.57%,1.59%
11/25/2019,1.57%,1.61%,1.56%,1.59%
11/22/2019,1.56%,1.58%,1.55%,1.57%
11/21/2019,1.54%,1.57%,1.53%,1.56%
11/20/2019,1.55%,1.55%,1.52%,1.54%
11/19/2019,1.55%,1.57%,1.54%,1.55%
11/18/2019,1.55%,1.57%,1.54%,1.55%
11/15/2019,1.56%,1.56%,1.55%,1.55%
11/14/2019,1.58%,1.58%,1.54%,1.56%
11/13/2019,1.59%,1.60%,1.56%,1.58%
11/12/2019,1.59%,1.61%,1.58%,1.59%
11/10/2019,1.59%,1.59%,1.59%,1.59%
11/8/2019,1.59%,1.60%,1.56%,1.59%
11/7/2019,1.59%,1.62%,1.58%,1.59%
11/6/2019,1.61%,1.63%,1.58%,1.59%
11/5/2019,1.53%,1.62%,1.53%,1.61%
11/4/2019,1.53%,1.58%,1.53%,1.57%
11/1/2019,1.52%,1.57%,1.51%,1.53%
10/31/2019,1.58%,1.60%,1.52%,1.52%
10/30/2019,1.60%,1.61%,1.57%,1.58%
10/29/2019,1.61%,1.62%,1.58%,1.60%
10/28/2019,1.61%,1.63%,1.60%,1.61%
10/25/2019,1.60%,1.62%,1.59%,1.61%
10/24/2019,1.60%,1.61%,1.58%,1.60%
10/23/2019,1.60%,1.60%,1.57%,1.60%
10/22/2019,1.60%,1.60%,1.57%,1.60%
10/21/2019,1.58%,1.61%,1.57%,1.60%
10/18/2019,1.60%,1.61%,1.57%,1.58%
10/17/2019,1.60%,1.61%,1.58%,1.60%
10/16/2019,1.65%,1.65%,1.59%,1.60%
10/15/2019,1.66%,1.67%,1.61%,1.65%
10/13/2019,1.66%,1.66%,1.66%,1.66%
10/11/2019,1.63%,1.70%,1.62%,1.66%
10/10/2019,1.60%,1.64%,1.58%,1.63%
10/9/2019,1.62%,1.62%,1.59%,1.60%
10/8/2019,1.66%,1.67%,1.61%,1.62%
10/7/2019,1.60%,1.67%,1.59%,1.66%
10/4/2019,1.61%,1.65%,1.59%,1.60%
10/3/2019,1.68%,1.74%,1.60%,1.61%
10/2/2019,1.73%,1.74%,1.68%,1.68%
10/1/2019,1.77%,1.79%,1.72%,1.73%
9/30/2019,1.78%,1.78%,1.76%,1.77%
9/27/2019,1.80%,1.81%,1.76%,1.78%
9/26/2019,1.83%,1.83%,1.78%,1.80%
9/25/2019,1.80%,1.84%,1.80%,1.83%
9/24/2019,1.82%,1.83%,1.79%,1.80%
9/23/2019,1.84%,1.86%,1.80%,1.82%
9/20/2019,1.90%,1.91%,1.84%,1.84%
9/19/2019,1.87%,1.90%,1.85%,1.90%
9/18/2019,1.88%,1.88%,1.82%,1.87%
9/17/2019,1.87%,1.89%,1.85%,1.86%
9/16/2019,1.88%,1.89%,1.84%,1.87%
9/13/2019,1.84%,1.89%,1.82%,1.88%
9/12/2019,1.80%,1.84%,1.78%,1.84%
9/11/2019,1.83%,1.83%,1.79%,1.80%
9/10/2019,1.78%,1.83%,1.77%,1.83%
9/9/2019,1.75%,1.78%,1.75%,1.78%
9/6/2019,1.71%,1.77%,1.71%,1.75%
9/5/2019,1.70%,1.78%,1.65%,1.76%
9/4/2019,1.75%,1.75%,1.70%,1.70%
9/3/2019,1.78%,1.79%,1.73%,1.75%
9/1/2019,1.78%,1.78%,1.78%,1.78%
8/30/2019,1.77%,1.93%,1.77%,1.78%
8/29/2019,1.76%,1.79%,1.75%,1.77%
8/28/2019,1.77%,1.77%,1.75%,1.76%
8/27/2019,1.76%,1.78%,1.75%,1.77%
8/26/2019,1.74%,1.77%,1.73%,1.76%
8/23/2019,1.80%,1.81%,1.73%,1.74%
8/22/2019,1.79%,1.81%,1.77%,1.80%
8/21/2019,1.74%,1.79%,1.73%,1.79%
8/20/2019,1.76%,1.76%,1.72%,1.74%
8/19/2019,1.72%,1.76%,1.71%,1.76%
8/16/2019,1.72%,1.75%,1.70%,1.72%
8/15/2019,1.80%,1.80%,1.71%,1.72%
8/14/2019,1.87%,1.87%,1.79%,1.80%
8/13/2019,1.78%,1.88%,1.77%,1.87%
8/12/2019,1.81%,1.81%,1.76%,1.78%
8/9/2019,1.80%,1.82%,1.78%,1.81%
8/8/2019,1.79%,1.82%,1.77%,1.80%
8/7/2019,1.82%,1.83%,1.75%,1.79%
8/6/2019,1.80%,1.85%,1.79%,1.82%
8/5/2019,1.87%,1.89%,1.76%,1.80%
8/2/2019,1.92%,1.92%,1.86%,1.87%
8/1/2019,2.01%,2.02%,1.89%,1.92%
7/31/2019,1.99%,2.01%,1.96%,2.01%
7/30/2019,2.00%,2.01%,1.98%,1.99%
7/29/2019,2.00%,2.01%,1.98%,2.00%
7/26/2019,2.00%,2.02%,1.98%,2.00%
7/25/2019,1.99%,2.01%,1.97%,2.00%
7/24/2019,1.99%,1.99%,1.97%,1.99%
7/23/2019,1.96%,1.99%,1.95%,1.99%
7/22/2019,1.95%,1.97%,1.94%,1.96%
7/19/2019,1.90%,1.96%,1.90%,1.95%
7/18/2019,1.95%,1.96%,1.89%,1.90%
7/17/2019,2.00%,2.00%,1.85%,1.95%
7/16/2019,1.98%,2.02%,1.97%,2.00%
7/15/2019,1.98%,1.98%,1.96%,1.98%
7/12/2019,1.99%,1.99%,1.97%,1.98%
7/11/2019,1.95%,1.99%,1.94%,1.99%
7/10/2019,2.03%,2.04%,1.95%,1.95%
7/9/2019,2.02%,2.03%,2.00%,2.03%
7/8/2019,1.99%,2.02%,1.94%,2.02%
7/5/2019,1.93%,2.02%,1.93%,1.99%
7/3/2019,1.93%,1.94%,1.92%,1.93%
7/2/2019,1.95%,1.96%,1.92%,1.93%
7/1/2019,1.96%,1.97%,1.94%,1.95%
6/28/2019,1.96%,1.97%,1.92%,1.96%
6/27/2019,1.98%,1.99%,1.95%,1.96%
6/26/2019,1.95%,1.99%,1.94%,1.98%
6/25/2019,1.94%,1.96%,1.92%,1.95%
6/24/2019,1.96%,1.96%,1.93%,1.94%
6/21/2019,1.95%,1.97%,1.93%,1.96%
6/20/2019,1.95%,1.97%,1.89%,1.95%
6/19/2019,2.09%,2.09%,1.95%,1.95%
6/18/2019,2.06%,2.10%,2.03%,2.09%
6/17/2019,2.03%,2.07%,2.02%,2.06%
6/14/2019,2.02%,2.05%,2.00%,2.03%
6/13/2019,2.04%,2.05%,2.02%,2.02%
6/12/2019,2.07%,2.08%,2.04%,2.04%
6/11/2019,2.04%,2.09%,2.04%,2.07%
6/10/2019,1.99%,2.05%,1.98%,2.04%
6/7/2019,2.05%,2.06%,1.98%,1.99%
6/6/2019,2.06%,2.07%,2.02%,2.05%
6/5/2019,2.14%,2.15%,2.04%,2.06%
6/4/2019,2.14%,2.18%,2.13%,2.14%
6/3/2019,2.23%,2.24%,2.13%,2.14%
5/31/2019,2.31%,2.32%,2.22%,2.23%
5/30/2019,2.32%,2.33%,2.30%,2.31%
5/29/2019,2.33%,2.33%,2.30%,2.32%
5/28/2019,2.34%,2.36%,2.32%,2.33%
5/27/2019,2.34%,2.34%,2.34%,2.34%
5/24/2019,2.33%,2.35%,2.32%,2.34%
5/23/2019,2.38%,2.38%,2.32%,2.33%
5/22/2019,2.39%,2.39%,2.36%,2.38%
5/21/2019,2.36%,2.39%,2.35%,2.39%
5/20/2019,2.35%,2.37%,2.33%,2.36%
5/17/2019,2.35%,2.35%,2.32%,2.35%
5/16/2019,2.33%,2.35%,2.32%,2.35%
5/15/2019,2.34%,2.34%,2.31%,2.33%
5/14/2019,2.34%,2.35%,2.33%,2.34%
5/13/2019,2.38%,2.38%,2.33%,2.34%
5/10/2019,2.37%,2.40%,2.37%,2.38%
5/9/2019,2.39%,2.40%,2.37%,2.37%
5/8/2019,2.39%,2.40%,2.38%,2.39%
5/7/2019,2.40%,2.41%,2.38%,2.39%
5/6/2019,2.42%,2.42%,2.39%,2.40%
5/3/2019,2.42%,2.43%,2.40%,2.42%
5/2/2019,2.40%,2.44%,2.40%,2.42%
5/1/2019,2.40%,2.41%,2.37%,2.40%
4/30/2019,2.43%,2.43%,2.39%,2.40%
4/29/2019,2.42%,2.44%,2.40%,2.43%
4/26/2019,2.44%,2.46%,2.42%,2.43%
4/25/2019,2.44%,2.46%,2.42%,2.44%
4/24/2019,2.45%,2.46%,2.42%,2.45%
4/23/2019,2.47%,2.48%,2.44%,2.45%
4/22/2019,2.46%,2.46%,2.46%,2.46%
4/18/2019,2.46%,2.47%,2.45%,2.46%
4/17/2019,2.46%,2.48%,2.45%,2.46%
4/16/2019,2.45%,2.47%,2.43%,2.46%
4/15/2019,2.45%,2.48%,2.44%,2.45%
4/12/2019,2.43%,2.46%,2.43%,2.45%
4/11/2019,2.43%,2.45%,2.41%,2.44%
4/10/2019,2.44%,2.45%,2.41%,2.43%
4/9/2019,2.44%,2.45%,2.43%,2.44%
4/8/2019,2.44%,2.46%,2.43%,2.45%
4/5/2019,2.43%,2.46%,2.42%,2.43%
4/4/2019,2.43%,2.45%,2.42%,2.43%
4/3/2019,2.42%,2.44%,2.41%,2.43%
4/2/2019,2.43%,2.44%,2.42%,2.42%
4/1/2019,2.42%,2.44%,2.41%,2.43%
3/29/2019,2.41%,2.43%,2.41%,2.42%
3/28/2019,2.41%,2.43%,2.39%,2.41%
3/27/2019,2.45%,2.46%,2.40%,2.41%
3/26/2019,2.44%,2.47%,2.41%,2.42%
3/25/2019,2.47%,2.47%,2.43%,2.44%
3/22/2019,2.50%,2.50%,2.46%,2.47%
3/21/2019,2.49%,2.51%,2.47%,2.50%
3/20/2019,2.52%,2.53%,2.46%,2.49%
3/19/2019,2.53%,2.55%,2.51%,2.52%
3/18/2019,2.54%,2.54%,2.51%,2.53%
3/15/2019,2.53%,2.55%,2.52%,2.53%
3/14/2019,2.53%,2.55%,2.52%,2.54%
3/13/2019,2.54%,2.55%,2.53%,2.54%
3/12/2019,2.55%,2.55%,2.53%,2.54%
3/11/2019,2.55%,2.56%,2.52%,2.55%
3/8/2019,2.54%,2.55%,2.53%,2.54%
3/7/2019,2.55%,2.56%,2.53%,2.55%
3/6/2019,2.56%,2.57%,2.55%,2.55%
3/5/2019,2.56%,2.59%,2.55%,2.56%
3/4/2019,2.57%,2.58%,2.55%,2.56%
3/1/2019,2.56%,2.58%,2.55%,2.57%
2/28/2019,2.56%,2.59%,2.54%,2.56%
2/27/2019,2.55%,2.57%,2.55%,2.56%
2/26/2019,2.56%,2.58%,2.54%,2.55%
2/25/2019,2.56%,2.58%,2.55%,2.56%
2/22/2019,2.57%,2.57%,2.55%,2.56%
2/21/2019,2.55%,2.58%,2.55%,2.57%
2/20/2019,2.56%,2.56%,2.54%,2.56%
2/19/2019,2.55%,2.58%,2.55%,2.56%
2/15/2019,2.55%,2.57%,2.54%,2.56%
2/14/2019,2.57%,2.57%,2.53%,2.55%
2/13/2019,2.56%,2.58%,2.56%,2.58%
2/12/2019,2.56%,2.58%,2.55%,2.56%
2/11/2019,2.55%,2.58%,2.55%,2.56%
2/8/2019,2.55%,2.56%,2.54%,2.55%
2/7/2019,2.57%,2.58%,2.54%,2.55%
2/6/2019,2.58%,2.59%,2.57%,2.57%
2/5/2019,2.58%,2.59%,2.57%,2.58%
2/4/2019,2.58%,2.59%,2.57%,2.58%
2/1/2019,2.57%,2.60%,2.56%,2.58%
1/31/2019,2.60%,2.60%,2.56%,2.57%
1/30/2019,2.63%,2.64%,2.58%,2.60%
1/29/2019,2.61%,2.63%,2.60%,2.61%
1/28/2019,2.61%,2.63%,2.60%,2.61%
1/25/2019,2.60%,2.62%,2.59%,2.61%
1/24/2019,2.61%,2.61%,2.59%,2.60%
1/23/2019,2.61%,2.62%,2.59%,2.61%
1/22/2019,2.62%,2.62%,2.59%,2.61%
1/18/2019,2.59%,2.62%,2.58%,2.61%
1/17/2019,2.58%,2.60%,2.57%,2.59%
1/16/2019,2.58%,2.60%,2.58%,2.58%
1/15/2019,2.60%,2.60%,2.57%,2.59%
1/14/2019,2.59%,2.60%,2.57%,2.60%
1/11/2019,2.61%,2.62%,2.58%,2.60%
1/10/2019,2.61%,2.62%,2.59%,2.62%
1/9/2019,2.62%,2.63%,2.60%,2.60%
1/8/2019,2.59%,2.63%,2.58%,2.63%
1/7/2019,2.58%,2.61%,2.56%,2.60%
1/4/2019,2.53%,2.60%,2.51%,2.59%
1/3/2019,2.62%,2.63%,2.52%,2.52%
1/2/2019,2.65%,2.65%,2.61%,2.62%
12/31/2018,2.60%,2.64%,2.59%,2.62%
12/28/2018,2.60%,2.61%,2.59%,2.61%
12/27/2018,2.62%,2.63%,2.59%,2.60%
12/26/2018,2.63%,2.63%,2.63%,2.63%
12/24/2018,2.65%,2.65%,2.61%,2.65%
12/21/2018,2.66%,2.66%,2.64%,2.66%
12/20/2018,2.65%,2.66%,2.65%,2.66%
12/19/2018,2.65%,2.68%,2.63%,2.65%
12/18/2018,2.68%,2.69%,2.64%,2.65%
12/17/2018,2.69%,2.70%,2.67%,2.67%
12/14/2018,2.71%,2.72%,2.69%,2.69%
12/13/2018,2.72%,2.72%,2.68%,2.71%
12/12/2018,2.72%,2.74%,2.71%,2.72%
12/11/2018,2.70%,2.73%,2.69%,2.72%
12/10/2018,2.71%,2.73%,2.69%,2.71%
12/7/2018,2.72%,2.73%,2.69%,2.70%
12/6/2018,2.75%,2.75%,2.70%,2.72%
12/5/2018,2.72%,2.72%,2.72%,2.72%
12/4/2018,2.73%,2.73%,2.71%,2.72%
12/3/2018,2.70%,2.74%,2.69%,2.72%
11/30/2018,2.70%,2.72%,2.68%,2.71%
11/29/2018,2.70%,2.71%,2.67%,2.70%
11/28/2018,2.70%,2.72%,2.69%,2.70%
11/27/2018,2.70%,2.71%,2.68%,2.70%
11/26/2018,2.68%,2.70%,2.68%,2.69%
11/23/2018,2.68%,2.69%,2.66%,2.68%
11/21/2018,2.68%,2.70%,2.67%,2.68%
11/20/2018,2.68%,2.69%,2.67%,2.68%
11/19/2018,2.69%,2.70%,2.67%,2.68%
11/16/2018,2.71%,2.72%,2.68%,2.68%
11/15/2018,2.73%,2.73%,2.71%,2.71%
11/14/2018,2.74%,2.75%,2.72%,2.73%
11/13/2018,2.75%,2.76%,2.73%,2.74%
11/9/2018,2.76%,2.77%,2.74%,2.75%
11/8/2018,2.76%,2.79%,2.74%,2.77%
11/7/2018,2.76%,2.78%,2.74%,2.76%
11/6/2018,2.70%,2.73%,2.68%,2.72%
11/5/2018,2.70%,2.71%,2.69%,2.70%
11/2/2018,2.67%,2.71%,2.67%,2.70%
11/1/2018,2.68%,2.69%,2.66%,2.68%
10/31/2018,2.66%,2.71%,2.66%,2.70%
10/30/2018,2.66%,2.67%,2.65%,2.67%
10/29/2018,2.64%,2.67%,2.63%,2.66%
10/26/2018,2.67%,2.67%,2.63%,2.64%
10/25/2018,2.65%,2.68%,2.64%,2.66%
10/24/2018,2.67%,2.68%,2.64%,2.64%
10/23/2018,2.69%,2.69%,2.65%,2.67%
10/22/2018,2.68%,2.70%,2.67%,2.68%
10/19/2018,2.68%,2.71%,2.67%,2.68%
10/18/2018,2.68%,2.69%,2.67%,2.68%
10/17/2018,2.67%,2.69%,2.67%,2.68%
10/16/2018,2.69%,2.69%,2.66%,2.67%
10/15/2018,2.67%,2.70%,2.66%,2.68%
10/12/2018,2.67%,2.69%,2.66%,2.67%
10/11/2018,2.68%,2.70%,2.67%,2.68%
10/10/2018,2.70%,2.72%,2.67%,2.68%
10/9/2018,2.64%,2.67%,2.63%,2.63%
10/8/2018,2.63%,2.63%,2.63%,2.63%
10/5/2018,2.63%,2.65%,2.62%,2.64%
10/4/2018,2.63%,2.64%,2.62%,2.63%
10/3/2018,2.59%,2.64%,2.59%,2.63%
10/2/2018,2.59%,2.61%,2.58%,2.60%
10/1/2018,2.58%,2.61%,2.58%,2.60%
9/28/2018,2.60%,2.60%,2.57%,2.58%
9/27/2018,2.59%,2.60%,2.58%,2.59%
9/26/2018,2.60%,2.61%,2.57%,2.58%
9/25/2018,2.60%,2.61%,2.59%,2.60%
9/24/2018,2.59%,2.61%,2.58%,2.59%
9/21/2018,2.59%,2.61%,2.58%,2.59%
9/20/2018,2.59%,2.60%,2.58%,2.60%
9/19/2018,2.59%,2.60%,2.57%,2.58%
9/18/2018,2.58%,2.61%,2.57%,2.59%
9/17/2018,2.58%,2.59%,2.57%,2.58%
9/14/2018,2.57%,2.59%,2.56%,2.57%
9/13/2018,2.57%,2.58%,2.56%,2.56%
9/12/2018,2.57%,2.58%,2.55%,2.57%
9/11/2018,2.53%,2.56%,2.52%,2.54%
9/10/2018,2.53%,2.54%,2.52%,2.53%
9/7/2018,2.49%,2.54%,2.48%,2.53%
9/6/2018,2.49%,2.51%,2.47%,2.49%
9/5/2018,2.49%,2.51%,2.48%,2.49%
9/4/2018,2.48%,2.51%,2.46%,2.49%
8/31/2018,2.46%,2.48%,2.45%,2.48%
8/30/2018,2.48%,2.48%,2.45%,2.47%
8/29/2018,2.47%,2.50%,2.46%,2.48%
8/28/2018,2.46%,2.48%,2.45%,2.48%
8/27/2018,2.47%,2.47%,2.47%,2.47%
8/24/2018,2.44%,2.47%,2.43%,2.45%
8/23/2018,2.44%,2.46%,2.43%,2.44%
8/22/2018,2.45%,2.46%,2.43%,2.44%
8/21/2018,2.44%,2.47%,2.43%,2.45%
8/20/2018,2.45%,2.46%,2.43%,2.44%
8/17/2018,2.46%,2.49%,2.44%,2.45%
8/16/2018,2.46%,2.49%,2.45%,2.48%
8/15/2018,2.47%,2.48%,2.45%,2.45%
8/14/2018,2.43%,2.44%,2.41%,2.42%
8/13/2018,2.42%,2.44%,2.41%,2.43%
8/10/2018,2.43%,2.44%,2.41%,2.42%
8/9/2018,2.44%,2.45%,2.43%,2.44%
8/8/2018,2.44%,2.45%,2.42%,2.44%
8/7/2018,2.43%,2.46%,2.42%,2.44%
8/6/2018,2.44%,2.45%,2.42%,2.43%
8/3/2018,2.44%,2.45%,2.42%,2.44%
8/2/2018,2.45%,2.46%,2.43%,2.43%
8/1/2018,2.44%,2.47%,2.43%,2.46%
7/31/2018,2.43%,2.46%,2.42%,2.43%
7/30/2018,2.43%,2.47%,2.42%,2.43%
7/27/2018,2.43%,2.45%,2.42%,2.43%
7/26/2018,2.42%,2.44%,2.41%,2.43%
7/25/2018,2.42%,2.44%,2.40%,2.43%
7/24/2018,2.42%,2.46%,2.41%,2.42%
7/23/2018,2.41%,2.43%,2.40%,2.42%
7/20/2018,2.41%,2.43%,2.40%,2.40%
7/19/2018,2.43%,2.43%,2.40%,2.41%
7/18/2018,2.43%,2.45%,2.41%,2.43%
7/17/2018,2.39%,2.41%,2.38%,2.39%
7/16/2018,2.36%,2.39%,2.36%,2.38%
7/13/2018,2.36%,2.38%,2.35%,2.37%
7/12/2018,2.35%,2.40%,2.34%,2.38%
7/11/2018,2.35%,2.36%,2.33%,2.35%
7/10/2018,2.34%,2.35%,2.33%,2.35%
7/9/2018,2.33%,2.35%,2.32%,2.34%
7/6/2018,2.33%,2.35%,2.32%,2.33%
7/5/2018,2.34%,2.35%,2.32%,2.33%
7/3/2018,2.34%,2.35%,2.32%,2.33%
7/2/2018,2.33%,2.35%,2.32%,2.34%
6/29/2018,2.33%,2.35%,2.32%,2.33%
6/28/2018,2.33%,2.35%,2.32%,2.33%
6/27/2018,2.34%,2.35%,2.33%,2.33%
6/26/2018,2.34%,2.36%,2.33%,2.34%
6/25/2018,2.34%,2.36%,2.33%,2.35%
6/22/2018,2.35%,2.36%,2.34%,2.35%
6/21/2018,2.37%,2.37%,2.35%,2.36%
6/20/2018,2.36%,2.38%,2.35%,2.37%
6/19/2018,2.34%,2.35%,2.32%,2.33%
6/18/2018,2.33%,2.35%,2.32%,2.34%
6/15/2018,2.33%,2.36%,2.31%,2.33%
6/14/2018,2.34%,2.35%,2.32%,2.33%
6/13/2018,2.33%,2.36%,2.32%,2.34%
6/12/2018,2.32%,2.34%,2.31%,2.33%
6/11/2018,2.31%,2.32%,2.30%,2.32%
6/8/2018,2.31%,2.32%,2.29%,2.31%
6/7/2018,2.32%,2.33%,2.30%,2.30%
6/6/2018,2.30%,2.33%,2.28%,2.32%
6/5/2018,2.31%,2.32%,2.25%,2.30%
6/4/2018,2.27%,2.31%,2.26%,2.30%
6/1/2018,2.24%,2.30%,2.24%,2.28%
5/31/2018,2.23%,2.26%,2.21%,2.25%
5/30/2018,2.17%,2.24%,2.16%,2.22%
5/29/2018,2.27%,2.27%,2.17%,2.18%
5/25/2018,2.28%,2.29%,2.27%,2.27%
5/24/2018,2.31%,2.31%,2.28%,2.29%
5/23/2018,2.35%,2.36%,2.31%,2.31%
5/22/2018,2.34%,2.35%,2.32%,2.35%
5/21/2018,2.31%,2.35%,2.30%,2.34%
5/18/2018,2.31%,2.32%,2.30%,2.32%
5/17/2018,2.30%,2.32%,2.29%,2.32%
5/16/2018,2.30%,2.32%,2.29%,2.30%
5/15/2018,2.28%,2.31%,2.28%,2.29%
5/14/2018,2.27%,2.29%,2.27%,2.28%
5/11/2018,2.27%,2.28%,2.25%,2.27%
5/10/2018,2.27%,2.28%,2.25%,2.27%
5/9/2018,2.25%,2.28%,2.24%,2.27%
5/8/2018,2.25%,2.28%,2.25%,2.26%
5/7/2018,2.25%,2.27%,2.24%,2.25%
5/4/2018,2.25%,2.26%,2.23%,2.25%
5/3/2018,2.25%,2.26%,2.23%,2.24%
5/2/2018,2.26%,2.28%,2.24%,2.25%
5/1/2018,2.25%,2.29%,2.24%,2.26%
4/30/2018,2.25%,2.27%,2.24%,2.25%
4/27/2018,2.25%,2.29%,2.24%,2.25%
4/26/2018,2.27%,2.28%,2.24%,2.25%
4/25/2018,2.27%,2.28%,2.26%,2.27%
4/24/2018,2.23%,2.25%,2.23%,2.23%
4/23/2018,2.21%,2.24%,2.20%,2.23%
4/20/2018,2.19%,2.22%,2.19%,2.22%
4/19/2018,2.17%,2.21%,2.17%,2.19%
4/18/2018,2.14%,2.19%,2.13%,2.17%
4/17/2018,2.12%,2.15%,2.11%,2.14%
4/16/2018,2.12%,2.14%,2.10%,2.12%
4/13/2018,2.10%,2.13%,2.09%,2.11%
4/12/2018,2.08%,2.11%,2.08%,2.10%
4/11/2018,2.08%,2.10%,2.06%,2.08%
4/10/2018,2.07%,2.10%,2.07%,2.08%
4/9/2018,2.07%,2.09%,2.06%,2.08%
4/6/2018,2.09%,2.10%,2.06%,2.06%
4/5/2018,2.07%,2.11%,2.07%,2.09%
4/4/2018,2.09%,2.10%,2.06%,2.09%
4/3/2018,2.09%,2.12%,2.08%,2.10%
4/2/2018,2.10%,2.12%,2.09%,2.09%
3/29/2018,2.13%,2.13%,2.10%,2.11%
3/28/2018,2.14%,2.14%,2.12%,2.13%
3/27/2018,2.05%,2.06%,2.03%,2.06%
3/26/2018,2.04%,2.06%,2.03%,2.05%
3/23/2018,2.05%,2.06%,2.03%,2.04%
3/22/2018,2.05%,2.06%,2.04%,2.04%
3/21/2018,2.08%,2.09%,2.05%,2.06%
3/20/2018,2.08%,2.10%,2.07%,2.08%
3/19/2018,2.07%,2.09%,2.07%,2.08%
3/16/2018,2.06%,2.08%,2.05%,2.08%
3/15/2018,2.05%,2.07%,2.04%,2.07%
3/14/2018,2.04%,2.08%,2.01%,2.04%
3/13/2018,2.05%,2.06%,1.99%,2.04%
3/12/2018,2.04%,2.06%,2.01%,2.04%
3/9/2018,2.05%,2.06%,2.03%,2.03%
3/8/2018,2.05%,2.07%,2.04%,2.06%
3/7/2018,2.07%,2.14%,2.05%,2.05%
3/6/2018,2.06%,2.09%,2.06%,2.07%
3/5/2018,2.06%,2.08%,2.05%,2.07%
3/2/2018,2.05%,2.09%,2.04%,2.07%
3/1/2018,2.08%,2.08%,2.05%,2.06%
2/28/2018,2.08%,2.09%,2.06%,2.09%
2/27/2018,2.02%,2.05%,2.01%,2.03%
2/26/2018,2.01%,2.04%,2.01%,2.03%
2/23/2018,2.03%,2.03%,2.00%,2.01%
2/22/2018,2.02%,2.04%,2.01%,2.01%
2/21/2018,2.01%,2.03%,2.00%,2.03%
2/20/2018,1.99%,2.03%,1.99%,2.01%
2/16/2018,1.99%,2.01%,1.98%,2.00%
2/15/2018,1.98%,2.01%,1.97%,2.01%
2/14/2018,1.95%,1.99%,1.93%,1.99%
2/13/2018,1.92%,1.97%,1.91%,1.95%
2/12/2018,1.90%,1.95%,1.88%,1.94%
2/9/2018,1.90%,1.91%,1.87%,1.90%
2/8/2018,1.91%,1.92%,1.89%,1.90%
2/7/2018,1.87%,1.91%,1.86%,1.90%
2/6/2018,1.86%,1.88%,1.83%,1.87%
2/5/2018,1.89%,1.90%,1.85%,1.85%
2/2/2018,1.90%,1.93%,1.88%,1.89%
2/1/2018,1.91%,1.91%,1.89%,1.91%
1/31/2018,1.90%,1.92%,1.88%,1.90%
1/30/2018,1.78%,1.81%,1.77%,1.80%
1/29/2018,1.79%,1.82%,1.78%,1.79%
1/26/2018,1.79%,1.80%,1.77%,1.80%
1/25/2018,1.78%,1.80%,1.76%,1.80%
1/24/2018,1.77%,1.79%,1.76%,1.78%
1/23/2018,1.79%,1.79%,1.76%,1.77%
1/22/2018,1.78%,1.79%,1.77%,1.79%
1/19/2018,1.78%,1.81%,1.77%,1.79%
1/18/2018,1.79%,1.80%,1.77%,1.78%
1/17/2018,1.79%,1.80%,1.77%,1.79%
1/16/2018,1.79%,1.80%,1.78%,1.79%
1/12/2018,1.78%,1.81%,1.77%,1.78%
1/11/2018,1.79%,1.79%,1.75%,1.78%
1/10/2018,1.79%,1.81%,1.77%,1.77%
1/9/2018,1.80%,1.80%,1.78%,1.79%
1/8/2018,1.81%,1.82%,1.79%,1.79%
1/5/2018,1.82%,1.82%,1.80%,1.81%
1/4/2018,1.82%,1.84%,1.81%,1.83%
1/3/2018,1.84%,1.84%,1.81%,1.81%
1/2/2018,1.74%,1.81%,1.74%,1.80%
12/29/2017,1.74%,1.76%,1.73%,1.74%
12/28/2017,1.73%,1.75%,1.72%,1.75%
12/27/2017,1.73%,1.75%,1.72%,1.73%
12/26/2017,1.73%,1.76%,1.72%,1.73%
12/22/2017,1.72%,1.75%,1.72%,1.73%
12/21/2017,1.72%,1.73%,1.71%,1.72%
12/20/2017,1.71%,1.73%,1.71%,1.72%
12/19/2017,1.70%,1.73%,1.70%,1.71%
12/18/2017,1.70%,1.72%,1.69%,1.70%
12/15/2017,1.69%,1.71%,1.69%,1.70%
12/14/2017,1.68%,1.71%,1.67%,1.69%
12/13/2017,1.70%,1.72%,1.67%,1.67%
12/12/2017,1.69%,1.71%,1.68%,1.70%
12/11/2017,1.67%,1.70%,1.66%,1.69%
12/8/2017,1.68%,1.70%,1.66%,1.67%
12/7/2017,1.68%,1.69%,1.67%,1.68%
12/6/2017,1.70%,1.71%,1.68%,1.68%
12/5/2017,1.66%,1.69%,1.65%,1.66%
12/4/2017,1.62%,1.67%,1.62%,1.66%
12/1/2017,1.62%,1.64%,1.61%,1.61%
11/30/2017,1.61%,1.62%,1.60%,1.62%
11/29/2017,1.61%,1.62%,1.60%,1.62%
11/28/2017,1.61%,1.62%,1.59%,1.61%
11/27/2017,1.61%,1.62%,1.60%,1.61%
11/24/2017,1.60%,1.61%,1.59%,1.60%
11/22/2017,1.62%,1.63%,1.59%,1.60%
11/21/2017,1.61%,1.63%,1.60%,1.62%
11/20/2017,1.60%,1.62%,1.59%,1.61%
11/17/2017,1.59%,1.61%,1.58%,1.59%
11/16/2017,1.56%,1.60%,1.55%,1.58%
11/15/2017,1.56%,1.58%,1.54%,1.55%
11/14/2017,1.55%,1.57%,1.54%,1.56%
11/13/2017,1.54%,1.56%,1.53%,1.55%
11/9/2017,1.53%,1.55%,1.52%,1.54%
11/8/2017,1.53%,1.54%,1.51%,1.53%
11/7/2017,1.49%,1.52%,1.49%,1.50%
11/6/2017,1.47%,1.50%,1.47%,1.49%
11/3/2017,1.45%,1.49%,1.45%,1.46%
11/2/2017,1.44%,1.47%,1.43%,1.46%
11/1/2017,1.43%,1.46%,1.43%,1.45%
10/31/2017,1.43%,1.45%,1.42%,1.44%
10/30/2017,1.43%,1.45%,1.41%,1.42%
10/27/2017,1.43%,1.44%,1.41%,1.42%
10/26/2017,1.43%,1.43%,1.41%,1.42%
10/25/2017,1.42%,1.43%,1.41%,1.42%
10/24/2017,1.42%,1.44%,1.41%,1.43%
10/23/2017,1.42%,1.43%,1.39%,1.41%
10/20/2017,1.41%,1.44%,1.41%,1.43%
10/19/2017,1.42%,1.42%,1.40%,1.42%
10/18/2017,1.41%,1.43%,1.41%,1.41%
10/17/2017,1.42%,1.43%,1.40%,1.41%
10/16/2017,1.40%,1.43%,1.40%,1.42%
10/13/2017,1.41%,1.42%,1.39%,1.41%
10/12/2017,1.41%,1.42%,1.40%,1.41%
10/11/2017,1.41%,1.43%,1.40%,1.42%
10/10/2017,1.35%,1.39%,1.34%,1.38%
10/6/2017,1.35%,1.36%,1.33%,1.35%
10/5/2017,1.32%,1.35%,1.31%,1.35%
10/4/2017,1.30%,1.34%,1.29%,1.32%
10/3/2017,1.30%,1.32%,1.29%,1.30%
10/2/2017,1.31%,1.32%,1.29%,1.30%
9/29/2017,1.31%,1.32%,1.30%,1.31%
9/28/2017,1.32%,1.33%,1.30%,1.30%
9/27/2017,1.30%,1.33%,1.30%,1.31%
9/26/2017,1.30%,1.32%,1.29%,1.30%
9/25/2017,1.31%,1.31%,1.29%,1.30%
9/22/2017,1.31%,1.33%,1.29%,1.31%
9/21/2017,1.31%,1.33%,1.29%,1.32%
9/20/2017,1.31%,1.33%,1.28%,1.32%
9/19/2017,1.31%,1.32%,1.29%,1.31%
9/18/2017,1.30%,1.33%,1.29%,1.31%
9/15/2017,1.29%,1.30%,1.28%,1.30%
9/14/2017,1.28%,1.30%,1.27%,1.29%
9/13/2017,1.28%,1.29%,1.26%,1.27%
9/12/2017,1.24%,1.26%,1.23%,1.24%
9/11/2017,1.21%,1.24%,1.21%,1.24%
9/8/2017,1.22%,1.23%,1.20%,1.21%
9/7/2017,1.24%,1.25%,1.20%,1.21%
9/6/2017,1.23%,1.25%,1.21%,1.25%
9/5/2017,1.24%,1.25%,1.21%,1.22%
9/1/2017,1.23%,1.25%,1.21%,1.24%
8/31/2017,1.23%,1.26%,1.21%,1.23%
8/30/2017,1.23%,1.24%,1.21%,1.24%
8/29/2017,1.24%,1.26%,1.22%,1.23%
8/28/2017,1.24%,1.26%,1.22%,1.24%
8/25/2017,1.24%,1.25%,1.22%,1.23%
8/24/2017,1.23%,1.25%,1.22%,1.24%
8/23/2017,1.24%,1.25%,1.21%,1.23%
8/22/2017,1.22%,1.25%,1.22%,1.24%
8/21/2017,1.24%,1.25%,1.21%,1.23%
8/18/2017,1.24%,1.26%,1.22%,1.24%
8/17/2017,1.25%,1.26%,1.22%,1.23%
8/16/2017,1.23%,1.27%,1.23%,1.25%
8/15/2017,1.21%,1.25%,1.21%,1.24%
8/14/2017,1.20%,1.23%,1.20%,1.22%
8/11/2017,1.22%,1.23%,1.19%,1.21%
8/10/2017,1.22%,1.23%,1.20%,1.22%
8/9/2017,1.24%,1.25%,1.20%,1.22%
8/8/2017,1.23%,1.24%,1.22%,1.24%
8/7/2017,1.24%,1.25%,1.22%,1.24%
8/4/2017,1.22%,1.28%,1.21%,1.24%
8/3/2017,1.22%,1.31%,1.21%,1.22%
8/2/2017,1.22%,1.25%,1.21%,1.23%
8/1/2017,1.23%,1.23%,1.22%,1.22%
7/31/2017,1.21%,1.24%,1.21%,1.23%
7/28/2017,1.23%,1.25%,1.21%,1.22%
7/27/2017,1.23%,1.26%,1.22%,1.23%
7/26/2017,1.24%,1.25%,1.22%,1.23%
7/25/2017,1.24%,1.26%,1.23%,1.25%
7/24/2017,1.22%,1.24%,1.21%,1.23%
7/21/2017,1.22%,1.24%,1.21%,1.22%
7/20/2017,1.23%,1.26%,1.21%,1.23%
7/19/2017,1.19%,1.26%,1.19%,1.22%
7/18/2017,1.21%,1.22%,1.19%,1.21%
7/17/2017,1.21%,1.23%,1.19%,1.21%
7/14/2017,1.22%,1.22%,1.18%,1.21%
7/13/2017,1.20%,1.22%,1.19%,1.21%
7/12/2017,1.21%,1.22%,1.19%,1.19%
7/11/2017,1.22%,1.24%,1.20%,1.20%
7/10/2017,1.22%,1.23%,1.20%,1.22%
7/7/2017,1.23%,1.24%,1.21%,1.23%
7/6/2017,1.23%,1.27%,1.22%,1.23%
7/5/2017,1.25%,1.26%,1.23%,1.24%
7/3/2017,1.24%,1.26%,1.23%,1.25%
6/30/2017,1.23%,1.25%,1.21%,1.23%
6/29/2017,1.22%,1.24%,1.21%,1.22%
6/28/2017,1.22%,1.23%,1.20%,1.22%
6/27/2017,1.21%,1.23%,1.20%,1.21%
6/26/2017,1.21%,1.23%,1.20%,1.21%
6/23/2017,1.21%,1.23%,1.20%,1.21%
6/22/2017,1.23%,1.23%,1.21%,1.23%
6/21/2017,1.21%,1.26%,1.21%,1.22%
6/20/2017,1.22%,1.24%,1.20%,1.22%
6/19/2017,1.19%,1.23%,1.19%,1.22%
6/16/2017,1.21%,1.22%,1.19%,1.21%
6/15/2017,1.20%,1.22%,1.19%,1.21%
6/14/2017,1.22%,1.22%,1.15%,1.19%
6/13/2017,1.21%,1.22%,1.20%,1.21%
6/12/2017,1.20%,1.22%,1.18%,1.21%
6/9/2017,1.18%,1.21%,1.17%,1.20%
6/8/2017,1.17%,1.20%,1.16%,1.18%
6/7/2017,1.16%,1.18%,1.15%,1.17%
6/6/2017,1.16%,1.17%,1.14%,1.16%
6/5/2017,1.16%,1.18%,1.15%,1.18%
6/2/2017,1.16%,1.17%,1.14%,1.16%
6/1/2017,1.16%,1.18%,1.16%,1.16%
5/31/2017,1.16%,1.17%,1.15%,1.16%
5/30/2017,1.16%,1.18%,1.15%,1.16%
5/26/2017,1.17%,1.17%,1.15%,1.17%
5/25/2017,1.16%,1.18%,1.15%,1.16%
5/24/2017,1.16%,1.20%,1.15%,1.16%
5/23/2017,1.11%,1.15%,1.10%,1.14%
5/22/2017,1.10%,1.11%,1.09%,1.11%
5/19/2017,1.08%,1.11%,1.08%,1.10%
5/18/2017,1.08%,1.10%,1.07%,1.09%
5/17/2017,1.11%,1.12%,1.06%,1.08%
5/16/2017,1.11%,1.13%,1.09%,1.10%
5/15/2017,1.11%,1.13%,1.10%,1.12%
5/12/2017,1.13%,1.14%,1.10%,1.11%
5/11/2017,1.13%,1.15%,1.12%,1.13%
5/10/2017,1.13%,1.14%,1.11%,1.12%
5/9/2017,1.12%,1.14%,1.11%,1.13%
5/8/2017,1.10%,1.13%,1.09%,1.13%
5/5/2017,1.11%,1.12%,1.09%,1.10%
5/4/2017,1.09%,1.12%,1.08%,1.11%
5/3/2017,1.08%,1.11%,1.07%,1.10%
5/2/2017,1.08%,1.10%,1.07%,1.08%
5/1/2017,1.07%,1.10%,1.06%,1.09%
4/28/2017,1.07%,1.09%,1.06%,1.08%
4/27/2017,1.08%,1.08%,1.06%,1.07%
4/26/2017,1.06%,1.10%,1.06%,1.07%
4/25/2017,1.02%,1.04%,1.01%,1.04%
4/24/2017,0.99%,1.04%,0.99%,1.02%
4/21/2017,1.00%,1.01%,0.97%,0.98%
4/20/2017,1.01%,1.03%,0.99%,1.00%
4/19/2017,1.01%,1.03%,1.00%,1.02%
4/18/2017,1.03%,1.03%,1.00%,1.02%
4/17/2017,1.02%,1.04%,1.02%,1.03%
4/13/2017,1.03%,1.04%,1.01%,1.02%
4/12/2017,1.05%,1.06%,1.02%,1.02%
4/11/2017,1.06%,1.07%,1.03%,1.05%
4/10/2017,1.07%,1.08%,1.06%,1.07%
4/7/2017,1.04%,1.08%,1.02%,1.06%
4/6/2017,1.02%,1.05%,1.02%,1.03%
4/5/2017,1.03%,1.04%,1.01%,1.03%
4/4/2017,1.02%,1.04%,1.00%,1.03%
4/3/2017,1.03%,1.04%,1.01%,1.02%
3/31/2017,1.04%,1.05%,1.02%,1.02%
3/30/2017,1.05%,1.05%,1.02%,1.04%
3/29/2017,1.02%,1.07%,0.99%,1.05%
3/28/2017,0.99%,1.04%,0.97%,1.04%
3/27/2017,0.98%,1.00%,0.96%,0.99%
3/24/2017,0.97%,0.99%,0.96%,0.99%
3/23/2017,0.98%,0.99%,0.96%,0.97%
3/22/2017,0.99%,0.99%,0.96%,0.98%
3/21/2017,1.00%,1.00%,0.98%,0.98%
3/20/2017,0.99%,1.01%,0.98%,0.99%
3/17/2017,1.00%,1.01%,0.99%,1.00%
3/16/2017,1.02%,1.04%,0.99%,1.00%
3/15/2017,1.05%,1.07%,1.01%,1.01%
3/14/2017,1.06%,1.07%,1.04%,1.06%
3/13/2017,1.04%,1.07%,1.03%,1.07%
3/10/2017,1.04%,1.05%,1.03%,1.03%
3/9/2017,1.02%,1.05%,1.02%,1.05%
3/8/2017,1.01%,1.03%,0.99%,1.03%
3/7/2017,0.98%,1.01%,0.97%,1.01%
3/6/2017,0.97%,1.00%,0.96%,0.98%
3/3/2017,0.98%,0.99%,0.95%,0.98%
3/2/2017,0.93%,1.00%,0.91%,0.97%
3/1/2017,0.89%,0.94%,0.89%,0.93%
2/28/2017,0.78%,0.84%,0.77%,0.83%
2/27/2017,0.78%,0.80%,0.77%,0.78%
2/24/2017,0.79%,0.80%,0.77%,0.78%
2/23/2017,0.80%,0.82%,0.78%,0.79%
2/22/2017,0.81%,0.82%,0.78%,0.80%
2/21/2017,0.80%,0.83%,0.79%,0.81%
2/17/2017,0.81%,0.82%,0.79%,0.81%
2/16/2017,0.83%,0.84%,0.79%,0.80%
2/15/2017,0.84%,0.85%,0.82%,0.84%
2/14/2017,0.81%,0.86%,0.80%,0.83%
2/13/2017,0.81%,0.83%,0.79%,0.80%
2/10/2017,0.80%,0.81%,0.79%,0.81%
2/9/2017,0.79%,0.81%,0.77%,0.81%
2/8/2017,0.80%,0.80%,0.77%,0.79%
2/7/2017,0.80%,0.81%,0.78%,0.79%
2/6/2017,0.82%,0.82%,0.78%,0.79%
2/3/2017,0.82%,0.83%,0.80%,0.81%
2/2/2017,0.83%,0.84%,0.81%,0.83%
2/1/2017,0.84%,0.88%,0.83%,0.83%
1/31/2017,0.78%,0.79%,0.76%,0.76%
1/30/2017,0.80%,0.80%,0.77%,0.78%
1/27/2017,0.79%,0.81%,0.78%,0.79%
1/26/2017,0.80%,0.82%,0.79%,0.79%
1/25/2017,0.79%,0.81%,0.78%,0.80%
1/24/2017,0.77%,0.81%,0.74%,0.80%
1/23/2017,0.80%,0.81%,0.76%,0.77%
1/20/2017,0.81%,0.83%,0.79%,0.79%
1/19/2017,0.81%,0.83%,0.80%,0.81%
1/18/2017,0.80%,0.82%,0.77%,0.81%
1/17/2017,0.80%,0.81%,0.78%,0.79%
1/15/2017,0.80%,0.80%,0.80%,0.81%
1/13/2017,0.81%,0.83%,0.79%,0.80%
1/12/2017,0.81%,0.82%,0.78%,0.81%
1/11/2017,0.82%,0.83%,0.80%,0.81%
1/10/2017,0.81%,0.83%,0.79%,0.81%
1/9/2017,0.84%,0.85%,0.80%,0.82%
1/6/2017,0.83%,0.86%,0.82%,0.85%
1/5/2017,0.87%,0.88%,0.83%,0.83%
1/4/2017,0.85%,0.90%,0.85%,0.87%
1/3/2017,0.83%,0.87%,0.81%,0.87%
1/1/2017,0.83%,0.83%,0.83%,0.83%
12/30/2016,0.82%,0.83%,0.81%,0.83%
12/29/2016,0.87%,0.87%,0.81%,0.83%
12/28/2016,0.87%,0.88%,0.86%,0.87%
12/27/2016,0.86%,0.88%,0.85%,0.87%
12/23/2016,0.86%,0.87%,0.85%,0.86%
12/22/2016,0.87%,0.88%,0.85%,0.86%
12/21/2016,0.89%,0.90%,0.86%,0.87%
12/20/2016,0.89%,0.90%,0.88%,0.89%
12/19/2016,0.89%,0.90%,0.87%,0.89%
12/16/2016,0.91%,0.91%,0.87%,0.90%
12/15/2016,0.92%,0.93%,0.89%,0.90%
12/14/2016,0.87%,0.93%,0.85%,0.92%
12/13/2016,0.85%,0.89%,0.85%,0.88%
12/12/2016,0.86%,0.88%,0.84%,0.86%
12/9/2016,0.84%,0.87%,0.83%,0.86%
12/8/2016,0.84%,0.86%,0.83%,0.85%
12/7/2016,0.79%,0.86%,0.79%,0.84%
12/6/2016,0.80%,0.83%,0.78%,0.83%
12/5/2016,0.78%,0.82%,0.77%,0.80%
12/2/2016,0.78%,0.80%,0.77%,0.77%
12/1/2016,0.78%,0.81%,0.77%,0.79%
11/30/2016,0.78%,0.79%,0.76%,0.78%
11/29/2016,0.78%,0.79%,0.75%,0.77%
11/28/2016,0.78%,0.80%,0.77%,0.78%
11/25/2016,0.78%,0.80%,0.77%,0.79%
11/23/2016,0.77%,0.80%,0.76%,0.79%
11/22/2016,0.77%,0.77%,0.75%,0.76%
11/21/2016,0.76%,0.77%,0.75%,0.77%
11/18/2016,0.77%,0.78%,0.75%,0.76%
11/17/2016,0.75%,0.77%,0.74%,0.76%
11/16/2016,0.76%,0.78%,0.74%,0.76%
11/15/2016,0.77%,0.78%,0.75%,0.77%
11/14/2016,0.72%,0.78%,0.72%,0.78%
11/10/2016,0.72%,0.74%,0.71%,0.72%
11/9/2016,0.66%,0.74%,0.63%,0.72%
11/8/2016,0.62%,0.70%,0.62%,0.70%
11/7/2016,0.67%,0.67%,0.60%,0.62%
11/4/2016,0.63%,0.65%,0.60%,0.61%
11/3/2016,0.64%,0.65%,0.63%,0.63%
11/2/2016,0.65%,0.66%,0.63%,0.63%
11/1/2016,0.65%,0.67%,0.64%,0.65%
10/31/2016,0.65%,0.67%,0.64%,0.65%
10/28/2016,0.67%,0.68%,0.64%,0.65%
10/27/2016,0.66%,0.68%,0.65%,0.67%
10/26/2016,0.66%,0.68%,0.65%,0.66%
10/25/2016,0.66%,0.67%,0.65%,0.66%
10/24/2016,0.65%,0.67%,0.64%,0.65%
10/21/2016,0.65%,0.66%,0.63%,0.66%
10/20/2016,0.64%,0.67%,0.63%,0.65%
10/19/2016,0.65%,0.66%,0.60%,0.64%
10/18/2016,0.65%,0.67%,0.64%,0.65%
10/17/2016,0.67%,0.67%,0.64%,0.65%
10/14/2016,0.66%,0.68%,0.64%,0.67%
10/13/2016,0.69%,0.69%,0.65%,0.66%
10/12/2016,0.68%,0.71%,0.68%,0.69%
10/11/2016,0.64%,0.68%,0.64%,0.68%
10/7/2016,0.64%,0.66%,0.63%,0.63%
10/6/2016,0.64%,0.65%,0.63%,0.65%
10/5/2016,0.63%,0.66%,0.62%,0.65%
10/4/2016,0.61%,0.65%,0.60%,0.63%
10/3/2016,0.59%,0.63%,0.59%,0.62%
9/30/2016,0.58%,0.60%,0.57%,0.60%
9/29/2016,0.59%,0.60%,0.57%,0.58%
9/28/2016,0.58%,0.60%,0.57%,0.59%
9/27/2016,0.58%,0.60%,0.57%,0.59%
9/26/2016,0.58%,0.59%,0.56%,0.58%
9/23/2016,0.59%,0.60%,0.57%,0.58%
9/22/2016,0.61%,0.63%,0.58%,0.59%
9/21/2016,0.62%,0.65%,0.60%,0.61%
9/20/2016,0.61%,0.63%,0.60%,0.61%
9/19/2016,0.61%,0.63%,0.60%,0.62%
9/16/2016,0.60%,0.62%,0.59%,0.61%
9/15/2016,0.62%,0.63%,0.59%,0.60%
9/14/2016,0.63%,0.65%,0.62%,0.62%
9/13/2016,0.56%,0.59%,0.56%,0.58%
9/12/2016,0.57%,0.58%,0.55%,0.57%
9/9/2016,0.58%,0.59%,0.56%,0.57%
9/8/2016,0.56%,0.58%,0.55%,0.57%
9/7/2016,0.55%,0.58%,0.55%,0.57%
9/6/2016,0.59%,0.60%,0.55%,0.56%
9/2/2016,0.60%,0.61%,0.57%,0.58%
9/1/2016,0.60%,0.61%,0.58%,0.59%
8/31/2016,0.60%,0.61%,0.58%,0.59%
8/30/2016,0.61%,0.62%,0.59%,0.59%
8/29/2016,0.61%,0.62%,0.60%,0.61%
8/26/2016,0.58%,0.62%,0.57%,0.61%
8/25/2016,0.58%,0.60%,0.57%,0.59%
8/24/2016,0.59%,0.60%,0.57%,0.59%
8/23/2016,0.59%,0.60%,0.58%,0.59%
8/22/2016,0.59%,0.60%,0.57%,0.59%
8/19/2016,0.57%,0.60%,0.57%,0.59%
8/18/2016,0.59%,0.60%,0.57%,0.58%
8/17/2016,0.58%,0.61%,0.58%,0.59%
8/16/2016,0.55%,0.58%,0.53%,0.58%
8/15/2016,0.54%,0.56%,0.53%,0.55%
8/12/2016,0.55%,0.56%,0.53%,0.55%
8/11/2016,0.53%,0.56%,0.53%,0.55%
8/10/2016,0.55%,0.56%,0.53%,0.54%
8/9/2016,0.55%,0.57%,0.54%,0.54%
8/8/2016,0.55%,0.57%,0.53%,0.56%
8/5/2016,0.50%,0.56%,0.49%,0.56%
8/4/2016,0.51%,0.52%,0.49%,0.51%
8/3/2016,0.50%,0.52%,0.49%,0.51%
8/2/2016,0.49%,0.51%,0.49%,0.50%
8/1/2016,0.50%,0.51%,0.48%,0.50%
7/29/2016,0.52%,0.53%,0.48%,0.50%
7/28/2016,0.53%,0.55%,0.51%,0.52%
7/27/2016,0.56%,0.56%,0.52%,0.54%
7/26/2016,0.55%,0.56%,0.53%,0.55%
7/25/2016,0.54%,0.56%,0.53%,0.55%
7/22/2016,0.53%,0.55%,0.52%,0.55%
7/21/2016,0.56%,0.57%,0.54%,0.54%
7/20/2016,0.56%,0.57%,0.54%,0.56%
7/19/2016,0.51%,0.55%,0.49%,0.55%
7/18/2016,0.50%,0.52%,0.49%,0.51%
7/15/2016,0.52%,0.53%,0.49%,0.50%
7/14/2016,0.50%,0.53%,0.49%,0.52%
7/13/2016,0.50%,0.51%,0.49%,0.50%
7/12/2016,0.50%,0.52%,0.48%,0.51%
7/11/2016,0.46%,0.51%,0.46%,0.50%
7/8/2016,0.45%,0.50%,0.44%,0.47%
7/7/2016,0.45%,0.47%,0.44%,0.46%
7/6/2016,0.44%,0.47%,0.42%,0.46%
7/5/2016,0.45%,0.45%,0.43%,0.44%
7/1/2016,0.44%,0.46%,0.42%,0.46%
6/30/2016,0.45%,0.47%,0.43%,0.45%
6/29/2016,0.45%,0.47%,0.43%,0.46%
6/28/2016,0.45%,0.48%,0.43%,0.44%
6/27/2016,0.48%,0.48%,0.42%,0.45%
6/24/2016,0.58%,0.58%,0.41%,0.48%
6/23/2016,0.56%,0.59%,0.52%,0.58%
6/22/2016,0.57%,0.59%,0.55%,0.56%
6/21/2016,0.54%,0.58%,0.52%,0.58%
6/20/2016,0.50%,0.55%,0.50%,0.54%
6/17/2016,0.50%,0.52%,0.49%,0.50%
6/16/2016,0.54%,0.54%,0.49%,0.50%
6/15/2016,0.54%,0.57%,0.50%,0.52%
6/14/2016,0.54%,0.55%,0.53%,0.55%
6/13/2016,0.55%,0.56%,0.53%,0.54%
6/10/2016,0.57%,0.58%,0.55%,0.55%
6/9/2016,0.58%,0.59%,0.56%,0.58%
6/8/2016,0.58%,0.60%,0.56%,0.58%
6/7/2016,0.59%,0.60%,0.57%,0.59%
6/6/2016,0.59%,0.62%,0.57%,0.60%
6/3/2016,0.68%,0.68%,0.58%,0.59%
6/2/2016,0.68%,0.69%,0.67%,0.68%
6/1/2016,0.68%,0.70%,0.66%,0.69%
5/31/2016,0.68%,0.70%,0.66%,0.68%
5/27/2016,0.65%,0.68%,0.65%,0.68%
5/26/2016,0.68%,0.68%,0.64%,0.65%
5/25/2016,0.68%,0.71%,0.67%,0.69%
5/24/2016,0.66%,0.68%,0.63%,0.68%
5/23/2016,0.64%,0.67%,0.63%,0.66%
5/20/2016,0.62%,0.65%,0.59%,0.64%
5/19/2016,0.61%,0.64%,0.61%,0.63%
5/18/2016,0.57%,0.63%,0.56%,0.63%
5/17/2016,0.55%,0.57%,0.53%,0.56%
5/16/2016,0.53%,0.56%,0.52%,0.54%
5/13/2016,0.53%,0.55%,0.51%,0.53%
5/12/2016,0.51%,0.54%,0.50%,0.53%
5/11/2016,0.51%,0.53%,0.50%,0.52%
5/10/2016,0.50%,0.53%,0.49%,0.51%
5/9/2016,0.51%,0.53%,0.49%,0.50%
5/6/2016,0.51%,0.53%,0.48%,0.52%
5/5/2016,0.51%,0.53%,0.50%,0.52%
5/4/2016,0.53%,0.55%,0.51%,0.52%
5/3/2016,0.56%,0.56%,0.52%,0.54%
5/2/2016,0.56%,0.57%,0.55%,0.55%
4/29/2016,0.56%,0.57%,0.55%,0.56%
4/28/2016,0.58%,0.58%,0.55%,0.57%
4/27/2016,0.60%,0.63%,0.58%,0.58%
4/26/2016,0.54%,0.57%,0.54%,0.55%
4/25/2016,0.54%,0.55%,0.53%,0.54%
4/22/2016,0.54%,0.56%,0.53%,0.55%
4/21/2016,0.51%,0.55%,0.50%,0.54%
4/20/2016,0.51%,0.53%,0.49%,0.52%
4/19/2016,0.51%,0.53%,0.50%,0.52%
4/18/2016,0.52%,0.53%,0.50%,0.51%
4/15/2016,0.54%,0.55%,0.51%,0.52%
4/14/2016,0.53%,0.56%,0.52%,0.54%
4/13/2016,0.53%,0.55%,0.52%,0.54%
4/12/2016,0.51%,0.54%,0.50%,0.53%
4/11/2016,0.52%,0.54%,0.50%,0.52%
4/8/2016,0.53%,0.54%,0.50%,0.53%
4/7/2016,0.55%,0.56%,0.52%,0.53%
4/6/2016,0.55%,0.57%,0.54%,0.56%
4/5/2016,0.59%,0.60%,0.55%,0.56%
4/4/2016,0.61%,0.62%,0.58%,0.59%
4/1/2016,0.59%,0.63%,0.58%,0.61%
3/31/2016,0.62%,0.64%,0.59%,0.59%
3/30/2016,0.62%,0.64%,0.61%,0.62%
3/29/2016,0.63%,0.64%,0.57%,0.62%
3/28/2016,0.61%,0.64%,0.61%,0.63%
3/24/2016,0.62%,0.63%,0.60%,0.62%
3/23/2016,0.62%,0.63%,0.60%,0.62%
3/22/2016,0.62%,0.63%,0.60%,0.63%
3/21/2016,0.62%,0.64%,0.60%,0.61%
3/18/2016,0.64%,0.65%,0.60%,0.61%
3/17/2016,0.64%,0.65%,0.61%,0.64%
3/16/2016,0.70%,0.74%,0.64%,0.65%
3/15/2016,0.70%,0.71%,0.68%,0.70%
3/14/2016,0.70%,0.72%,0.68%,0.70%
3/11/2016,0.67%,0.70%,0.67%,0.70%
3/10/2016,0.66%,0.69%,0.65%,0.68%
3/9/2016,0.66%,0.68%,0.65%,0.67%
3/8/2016,0.67%,0.68%,0.64%,0.66%
3/7/2016,0.66%,0.68%,0.65%,0.68%
3/4/2016,0.66%,0.68%,0.64%,0.67%
3/3/2016,0.67%,0.68%,0.65%,0.67%
3/2/2016,0.64%,0.70%,0.64%,0.67%
3/1/2016,0.60%,0.67%,0.60%,0.67%
2/29/2016,0.58%,0.62%,0.57%,0.61%
2/26/2016,0.53%,0.60%,0.53%,0.58%
2/25/2016,0.54%,0.55%,0.53%,0.54%
2/24/2016,0.54%,0.55%,0.52%,0.54%
2/23/2016,0.54%,0.56%,0.53%,0.54%
2/22/2016,0.52%,0.55%,0.51%,0.53%
2/19/2016,0.52%,0.54%,0.51%,0.53%
2/18/2016,0.52%,0.54%,0.51%,0.52%
2/17/2016,0.50%,0.53%,0.49%,0.53%
2/16/2016,0.49%,0.51%,0.48%,0.49%
2/12/2016,0.48%,0.51%,0.47%,0.49%
2/11/2016,0.51%,0.52%,0.43%,0.48%
2/10/2016,0.51%,0.54%,0.50%,0.52%
2/9/2016,0.51%,0.52%,0.49%,0.52%
2/8/2016,0.54%,0.54%,0.50%,0.52%
2/5/2016,0.53%,0.56%,0.52%,0.54%
2/4/2016,0.54%,0.55%,0.51%,0.52%
2/3/2016,0.54%,0.57%,0.52%,0.54%
2/2/2016,0.48%,0.49%,0.46%,0.47%
2/1/2016,0.45%,0.49%,0.44%,0.48%
1/29/2016,0.46%,0.47%,0.43%,0.46%
1/28/2016,0.45%,0.47%,0.44%,0.46%
1/27/2016,0.47%,0.48%,0.43%,0.46%
1/26/2016,0.45%,0.49%,0.44%,0.47%
1/25/2016,0.45%,0.47%,0.42%,0.45%
1/22/2016,0.44%,0.47%,0.43%,0.47%
1/21/2016,0.42%,0.47%,0.41%,0.45%
1/20/2016,0.47%,0.48%,0.41%,0.43%
1/19/2016,0.47%,0.51%,0.45%,0.47%
1/15/2016,0.54%,0.58%,0.45%,0.48%
1/14/2016,0.60%,0.63%,0.53%,0.54%
1/13/2016,0.62%,0.63%,0.58%,0.59%
1/12/2016,0.62%,0.65%,0.61%,0.62%
1/11/2016,0.63%,0.64%,0.60%,0.62%
1/8/2016,0.65%,0.68%,0.62%,0.63%
1/7/2016,0.67%,0.68%,0.62%,0.65%
1/6/2016,0.69%,0.70%,0.66%,0.67%
1/5/2016,0.59%,0.59%,0.55%,0.56%
1/4/2016,0.61%,0.62%,0.57%,0.58%
12/31/2015,0.62%,0.63%,0.60%,0.62%
12/30/2015,0.65%,0.65%,0.60%,0.61%
12/29/2015,0.65%,0.66%,0.63%,0.66%
12/28/2015,0.62%,0.66%,0.61%,0.64%
12/24/2015,0.62%,0.64%,0.61%,0.61%
12/23/2015,0.63%,0.65%,0.61%,0.63%
12/22/2015,0.65%,0.66%,0.62%,0.65%
12/21/2015,0.65%,0.68%,0.63%,0.66%
12/18/2015,0.68%,0.69%,0.64%,0.66%
12/17/2015,0.70%,0.71%,0.65%,0.68%
12/16/2015,0.69%,0.70%,0.67%,0.70%
12/15/2015,0.68%,0.71%,0.67%,0.69%
12/14/2015,0.67%,0.71%,0.67%,0.68%
12/11/2015,0.70%,0.71%,0.66%,0.67%
12/10/2015,0.71%,0.72%,0.69%,0.70%
12/9/2015,0.69%,0.78%,0.69%,0.71%
12/8/2015,0.66%,0.74%,0.65%,0.74%
12/7/2015,0.57%,0.67%,0.57%,0.66%
12/4/2015,0.55%,0.59%,0.54%,0.58%
12/3/2015,0.50%,0.57%,0.50%,0.56%
12/2/2015,0.48%,0.52%,0.48%,0.51%
12/1/2015,0.49%,0.50%,0.46%,0.49%
11/30/2015,0.48%,0.50%,0.48%,0.49%
11/27/2015,0.49%,0.50%,0.47%,0.48%
11/26/2015,0.49%,0.49%,0.49%,0.49%
11/25/2015,0.50%,0.51%,0.48%,0.49%
11/24/2015,0.48%,0.51%,0.47%,0.49%
11/23/2015,0.48%,0.50%,0.48%,0.48%
11/20/2015,0.48%,0.50%,0.46%,0.49%
11/19/2015,0.49%,0.50%,0.47%,0.48%
11/18/2015,0.49%,0.53%,0.48%,0.49%
11/17/2015,0.49%,0.51%,0.48%,0.50%
11/16/2015,0.49%,0.51%,0.46%,0.50%
11/13/2015,0.51%,0.52%,0.48%,0.49%
11/12/2015,0.50%,0.54%,0.49%,0.52%
11/10/2015,0.44%,0.47%,0.44%,0.45%
11/9/2015,0.44%,0.47%,0.42%,0.44%
11/6/2015,0.40%,0.47%,0.39%,0.44%
11/5/2015,0.38%,0.41%,0.37%,0.39%
11/4/2015,0.36%,0.40%,0.35%,0.38%
11/3/2015,0.35%,0.38%,0.34%,0.37%
11/2/2015,0.33%,0.37%,0.33%,0.35%
10/30/2015,0.31%,0.35%,0.31%,0.34%
10/29/2015,0.32%,0.33%,0.30%,0.32%
10/28/2015,0.28%,0.34%,0.27%,0.33%
10/27/2015,0.25%,0.30%,0.25%,0.28%
10/26/2015,0.23%,0.26%,0.22%,0.25%
10/23/2015,0.22%,0.25%,0.22%,0.25%
10/22/2015,0.23%,0.23%,0.20%,0.22%
10/21/2015,0.23%,0.23%,0.20%,0.22%
10/20/2015,0.22%,0.24%,0.21%,0.23%
10/19/2015,0.22%,0.24%,0.21%,0.22%
10/16/2015,0.22%,0.23%,0.21%,0.22%
10/15/2015,0.21%,0.23%,0.20%,0.21%
10/14/2015,0.23%,0.24%,0.20%,0.20%
10/13/2015,0.26%,0.26%,0.23%,0.24%
10/9/2015,0.25%,0.27%,0.24%,0.26%
10/8/2015,0.25%,0.26%,0.23%,0.25%
10/7/2015,0.24%,0.27%,0.22%,0.25%
10/6/2015,0.24%,0.25%,0.21%,0.23%
10/5/2015,0.24%,0.25%,0.22%,0.24%
10/2/2015,0.30%,0.31%,0.20%,0.24%
10/1/2015,0.32%,0.33%,0.28%,0.30%
9/30/2015,0.33%,0.33%,0.29%,0.32%
9/29/2015,0.33%,0.34%,0.30%,0.32%
9/28/2015,0.33%,0.34%,0.31%,0.32%
9/25/2015,0.32%,0.36%,0.32%,0.33%
9/24/2015,0.34%,0.34%,0.31%,0.32%
9/23/2015,0.34%,0.35%,0.33%,0.33%
9/22/2015,0.36%,0.36%,0.33%,0.36%
9/21/2015,0.35%,0.37%,0.34%,0.35%
9/18/2015,0.38%,0.39%,0.33%,0.34%
9/17/2015,0.47%,0.48%,0.36%,0.37%
9/16/2015,0.47%,0.48%,0.46%,0.47%
9/15/2015,0.38%,0.48%,0.38%,0.48%
9/14/2015,0.37%,0.40%,0.36%,0.38%
9/11/2015,0.38%,0.39%,0.35%,0.38%
9/10/2015,0.37%,0.38%,0.35%,0.37%
9/9/2015,0.37%,0.39%,0.36%,0.37%
9/8/2015,0.34%,0.38%,0.34%,0.37%
9/4/2015,0.34%,0.38%,0.33%,0.35%
9/3/2015,0.35%,0.36%,0.33%,0.34%
9/2/2015,0.37%,0.38%,0.34%,0.35%
9/1/2015,0.39%,0.39%,0.35%,0.37%
8/31/2015,0.37%,0.40%,0.36%,0.38%
8/28/2015,0.36%,0.39%,0.34%,0.37%
8/27/2015,0.34%,0.37%,0.34%,0.35%
8/26/2015,0.34%,0.36%,0.34%,0.35%
8/25/2015,0.33%,0.36%,0.32%,0.33%
8/24/2015,0.36%,0.37%,0.32%,0.33%
8/21/2015,0.38%,0.39%,0.34%,0.36%
8/20/2015,0.39%,0.40%,0.37%,0.38%
8/19/2015,0.41%,0.43%,0.38%,0.39%
8/18/2015,0.38%,0.41%,0.37%,0.41%
8/17/2015,0.38%,0.39%,0.36%,0.38%
8/14/2015,0.38%,0.39%,0.37%,0.39%
8/13/2015,0.36%,0.39%,0.35%,0.38%
8/12/2015,0.36%,0.37%,0.33%,0.36%
8/11/2015,0.38%,0.38%,0.34%,0.36%
8/10/2015,0.36%,0.39%,0.35%,0.38%
8/7/2015,0.34%,0.38%,0.33%,0.37%
8/6/2015,0.37%,0.38%,0.33%,0.35%
8/5/2015,0.36%,0.38%,0.35%,0.37%
8/4/2015,0.33%,0.37%,0.32%,0.36%
8/3/2015,0.32%,0.33%,0.30%,0.32%
7/31/2015,0.35%,0.36%,0.31%,0.32%
7/30/2015,0.33%,0.38%,0.32%,0.35%
7/29/2015,0.32%,0.33%,0.31%,0.32%
7/28/2015,0.31%,0.33%,0.31%,0.32%
7/27/2015,0.32%,0.33%,0.30%,0.31%
7/24/2015,0.33%,0.34%,0.31%,0.32%
7/23/2015,0.34%,0.34%,0.31%,0.33%
7/22/2015,0.34%,0.35%,0.32%,0.35%
7/21/2015,0.29%,0.33%,0.28%,0.33%
7/20/2015,0.26%,0.30%,0.26%,0.29%
7/17/2015,0.25%,0.27%,0.25%,0.26%
7/16/2015,0.25%,0.27%,0.25%,0.26%
7/15/2015,0.26%,0.27%,0.23%,0.25%
7/14/2015,0.26%,0.26%,0.24%,0.25%
7/13/2015,0.25%,0.27%,0.25%,0.26%
7/10/2015,0.24%,0.27%,0.23%,0.26%
7/9/2015,0.22%,0.24%,0.22%,0.23%
7/8/2015,0.24%,0.25%,0.21%,0.23%
7/7/2015,0.24%,0.25%,0.22%,0.24%
7/6/2015,0.25%,0.26%,0.22%,0.24%
7/2/2015,0.28%,0.28%,0.24%,0.25%
7/1/2015,0.27%,0.29%,0.27%,0.28%
6/30/2015,0.27%,0.28%,0.26%,0.27%
6/29/2015,0.30%,0.30%,0.26%,0.27%
6/26/2015,0.28%,0.30%,0.28%,0.30%
6/25/2015,0.29%,0.30%,0.28%,0.29%
6/24/2015,0.30%,0.31%,0.29%,0.30%
6/23/2015,0.23%,0.30%,0.23%,0.30%
6/22/2015,0.22%,0.25%,0.22%,0.24%
6/19/2015,0.23%,0.24%,0.22%,0.23%
6/18/2015,0.25%,0.26%,0.22%,0.23%
6/17/2015,0.26%,0.28%,0.23%,0.24%
6/16/2015,0.26%,0.27%,0.25%,0.26%
6/15/2015,0.26%,0.27%,0.24%,0.26%
6/12/2015,0.27%,0.28%,0.25%,0.27%
6/11/2015,0.26%,0.28%,0.25%,0.26%
6/10/2015,0.26%,0.28%,0.25%,0.27%
6/9/2015,0.25%,0.27%,0.25%,0.26%
6/8/2015,0.27%,0.28%,0.25%,0.27%
6/5/2015,0.26%,0.29%,0.25%,0.28%
6/4/2015,0.26%,0.27%,0.25%,0.26%
6/3/2015,0.25%,0.27%,0.25%,0.26%
6/2/2015,0.25%,0.26%,0.24%,0.25%
6/1/2015,0.25%,0.26%,0.24%,0.25%
5/29/2015,0.26%,0.27%,0.25%,0.26%
5/28/2015,0.26%,0.27%,0.25%,0.26%
5/27/2015,0.22%,0.24%,0.22%,0.23%
5/26/2015,0.21%,0.23%,0.20%,0.22%
5/22/2015,0.20%,0.21%,0.19%,0.20%
5/21/2015,0.20%,0.21%,0.18%,0.20%
5/20/2015,0.21%,0.22%,0.20%,0.21%
5/19/2015,0.20%,0.22%,0.19%,0.21%
5/18/2015,0.20%,0.22%,0.19%,0.21%
5/15/2015,0.20%,0.22%,0.20%,0.21%
5/14/2015,0.22%,0.23%,0.20%,0.21%
5/13/2015,0.24%,0.25%,0.22%,0.22%
5/12/2015,0.24%,0.25%,0.22%,0.23%
5/11/2015,0.22%,0.24%,0.22%,0.23%
5/8/2015,0.24%,0.25%,0.22%,0.22%
5/7/2015,0.25%,0.25%,0.23%,0.24%
5/6/2015,0.24%,0.25%,0.23%,0.24%
5/5/2015,0.23%,0.25%,0.22%,0.23%
5/4/2015,0.24%,0.25%,0.23%,0.24%
5/1/2015,0.24%,0.25%,0.23%,0.23%
4/30/2015,0.24%,0.25%,0.22%,0.23%
4/29/2015,0.25%,0.26%,0.24%,0.24%
4/28/2015,0.22%,0.25%,0.21%,0.25%
4/27/2015,0.21%,0.23%,0.21%,0.22%
4/24/2015,0.21%,0.23%,0.21%,0.22%
4/23/2015,0.22%,0.23%,0.21%,0.21%
4/22/2015,0.21%,0.23%,0.21%,0.22%
4/21/2015,0.22%,0.23%,0.20%,0.21%
4/20/2015,0.21%,0.22%,0.20%,0.22%
4/17/2015,0.20%,0.21%,0.19%,0.21%
4/16/2015,0.20%,0.21%,0.19%,0.20%
4/15/2015,0.21%,0.22%,0.20%,0.20%
4/14/2015,0.22%,0.23%,0.21%,0.22%
4/13/2015,0.23%,0.24%,0.21%,0.22%
4/10/2015,0.22%,0.23%,0.22%,0.23%
4/9/2015,0.22%,0.23%,0.21%,0.22%
4/8/2015,0.21%,0.23%,0.21%,0.22%
4/7/2015,0.21%,0.22%,0.20%,0.22%
4/6/2015,0.21%,0.22%,0.19%,0.21%
4/3/2015,0.25%,0.26%,0.20%,0.20%
4/2/2015,0.25%,0.26%,0.23%,0.24%
4/1/2015,0.26%,0.27%,0.24%,0.26%
3/31/2015,0.25%,0.27%,0.23%,0.27%
3/30/2015,0.24%,0.26%,0.23%,0.25%
3/27/2015,0.26%,0.27%,0.25%,0.26%
3/26/2015,0.25%,0.27%,0.24%,0.26%
3/25/2015,0.22%,0.24%,0.22%,0.24%
3/24/2015,0.22%,0.23%,0.21%,0.22%
3/23/2015,0.23%,0.23%,0.21%,0.22%
3/20/2015,0.25%,0.25%,0.23%,0.24%
3/19/2015,0.21%,0.24%,0.20%,0.22%
3/18/2015,0.27%,0.28%,0.20%,0.21%
3/17/2015,0.25%,0.26%,0.24%,0.26%
3/16/2015,0.23%,0.26%,0.23%,0.24%
3/13/2015,0.24%,0.25%,0.23%,0.25%
3/12/2015,0.24%,0.25%,0.22%,0.24%
3/11/2015,0.24%,0.26%,0.23%,0.24%
3/10/2015,0.25%,0.25%,0.23%,0.24%
3/9/2015,0.26%,0.27%,0.25%,0.26%
3/6/2015,0.24%,0.27%,0.23%,0.26%
3/5/2015,0.26%,0.26%,0.23%,0.25%
3/4/2015,0.21%,0.28%,0.21%,0.26%
3/3/2015,0.20%,0.26%,0.19%,0.26%
3/2/2015,0.19%,0.21%,0.19%,0.20%
2/27/2015,0.20%,0.21%,0.19%,0.20%
2/26/2015,0.19%,0.21%,0.18%,0.20%
2/25/2015,0.19%,0.20%,0.18%,0.19%
2/24/2015,0.21%,0.23%,0.20%,0.20%
2/23/2015,0.22%,0.22%,0.20%,0.21%
2/20/2015,0.21%,0.22%,0.20%,0.21%
2/19/2015,0.21%,0.22%,0.19%,0.22%
2/18/2015,0.23%,0.24%,0.20%,0.21%
2/17/2015,0.23%,0.24%,0.21%,0.22%
2/13/2015,0.23%,0.24%,0.22%,0.23%
2/12/2015,0.23%,0.24%,0.22%,0.23%
2/11/2015,0.24%,0.24%,0.22%,0.23%
2/10/2015,0.24%,0.25%,0.23%,0.24%
2/9/2015,0.24%,0.25%,0.24%,0.24%
2/6/2015,0.20%,0.26%,0.19%,0.25%
2/5/2015,0.20%,0.21%,0.18%,0.20%
2/4/2015,0.17%,0.22%,0.17%,0.21%
2/3/2015,0.16%,0.20%,0.15%,0.20%
2/2/2015,0.15%,0.16%,0.14%,0.15%
1/30/2015,0.15%,0.16%,0.14%,0.16%
1/29/2015,0.16%,0.17%,0.15%,0.16%
1/28/2015,0.16%,0.17%,0.15%,0.16%
1/27/2015,0.16%,0.16%,0.15%,0.16%
1/26/2015,0.16%,0.17%,0.15%,0.16%
1/23/2015,0.17%,0.17%,0.15%,0.16%
1/22/2015,0.17%,0.18%,0.16%,0.16%
1/21/2015,0.16%,0.18%,0.16%,0.16%
1/20/2015,0.17%,0.18%,0.15%,0.17%
1/16/2015,0.16%,0.17%,0.15%,0.17%
1/15/2015,0.17%,0.18%,0.15%,0.16%
1/14/2015,0.19%,0.19%,0.16%,0.18%
1/13/2015,0.19%,0.21%,0.18%,0.19%
1/12/2015,0.20%,0.21%,0.18%,0.19%
1/9/2015,0.24%,0.25%,0.19%,0.21%
1/8/2015,0.25%,0.26%,0.23%,0.24%
1/7/2015,0.22%,0.27%,0.22%,0.25%
1/6/2015,0.22%,0.26%,0.19%,0.26%
1/5/2015,0.22%,0.24%,0.22%,0.22%
1/2/2015,0.22%,0.24%,0.22%,0.22%
12/31/2014,0.21%,0.23%,0.19%,0.23%
12/30/2014,0.22%,0.23%,0.19%,0.20%
12/29/2014,0.24%,0.25%,0.21%,0.22%
12/26/2014,0.25%,0.25%,0.23%,0.24%
12/24/2014,0.24%,0.26%,0.23%,0.25%
12/23/2014,0.26%,0.28%,0.24%,0.25%
12/22/2014,0.25%,0.27%,0.24%,0.26%
12/19/2014,0.24%,0.26%,0.24%,0.25%
12/18/2014,0.22%,0.25%,0.21%,0.25%
12/17/2014,0.20%,0.23%,0.19%,0.23%
12/16/2014,0.20%,0.22%,0.19%,0.21%
12/15/2014,0.20%,0.21%,0.19%,0.20%
12/12/2014,0.21%,0.22%,0.18%,0.20%
12/11/2014,0.22%,0.22%,0.20%,0.21%
12/10/2014,0.23%,0.24%,0.21%,0.21%
12/9/2014,0.16%,0.18%,0.15%,0.17%
12/8/2014,0.14%,0.16%,0.14%,0.15%
12/5/2014,0.12%,0.16%,0.12%,0.15%
12/4/2014,0.12%,0.14%,0.12%,0.13%
12/3/2014,0.13%,0.14%,0.11%,0.13%
12/2/2014,0.12%,0.14%,0.11%,0.12%
12/1/2014,0.12%,0.13%,0.11%,0.12%
